planet,major_axis_microns,minor_axis_microns
Zargot-2-2556,1.2421573547327884,0.5590977537244891
Zargot-2-2556,0.9776453763987505,0.1472762418872311
Zargot-2-2556,0.29044703861263726,0.13618798746146085
Zargot-2-2556,0.4176941570928374,0.06947009854198712
Zargot-2-2556,0.46271925055431357,0.04748438071769555
Zargot-2-2556,1.0127799479597035,NA
Zargot-2-2556,0.746224948237293,0.3016858751411246
Zargot-2-2556,0.7323137724358345,0.6166226301342507
Zargot-2-2556,1.8706702169728575,0.13314935238246692
Zargot-2-2556,0.3630744623981712,0.1918819157819465
Zargot-2-2556,1.6321700695388346,0.5951556647270044
Zargot-2-2556,1.3460080098662484,0.505726780961305
Zargot-2-2556,1.8166161127915872,0.8655875560142848
Zargot-2-2556,0.3854998777004459,0.33485090506469445
Zargot-2-2556,0.31634533506037876,0.11083790467144772
Zargot-2-2556,1.1359881736955126,0.23813490648439029
Zargot-2-2556,1.4627877163365766,1.0543922008556612
Zargot-2-2556,1.009958753262044,0.3339708632212688
Zargot-2-2556,0.9881782145465723,0.28021609281444476
Zargot-2-2556,0.6785922903013683,0.08718469176984758
Zargot-2-2556,0.6712726094230568,0.36889138780240255
Zargot-2-2556,0.786882347092447,0.6329726054809388
Zargot-2-2556,1.1995305962966352,1.0867193715383494
Zargot-2-2556,0.7842711420684906,0.2626258640717779
Zargot-2-2556,0.43689963412552457,0.33129944581028076
Zargot-2-2556,1.2899503948071331,0.4817406695098476
Zargot-2-2556,0.6462700854313008,0.3828400752303307
Zargot-2-2556,0.968684015825933,0.22759296239028237
Zargot-2-2556,0.35569500406632637,0.13062271377421306
Zargot-2-2556,1.1119168488541797,0.5161702655206049
Zargot-2-2556,1.2389182751029024,0.5951580248871999
Zargot-2-2556,1.6332434609212125,0.5022016695847501
Zargot-2-2556,0.45263364661334654,0.21315099577312382
Zargot-2-2556,0.858058582706605,0.392614245504463
Zargot-2-2556,1.156078284650225,0.3447658205148917
Zargot-2-2556,1.9928882326811768,0.3558386975476925
Zargot-2-2556,1.6040255028234034,0.43544664824573376
Zargot-2-2556,1.275408207043737,0.5465139338632259
Zargot-2-2556,1.3594950253328815,NA
Zargot-2-2556,0.708562350681901,0.24984089002234505
Zargot-2-2556,0.9753475216135551,0.2278715463382239
Zargot-2-2556,1.3511000375910145,0.33490339152109466
Zargot-2-2556,0.3736029248245858,0.26033825604543714
Zargot-2-2556,1.0128714569729313,0.694115304776771
Zargot-2-2556,0.9162098549040427,0.37909854504063545
Zargot-2-2556,0.6942853569179811,0.2808106817793276
Zargot-2-2556,0.31722798006627045,0.25713826779211296
Zargot-2-2556,0.3124612692819875,0.265641284961751
Zargot-2-2556,1.0296731364490928,0.8397797840843986
Zargot-2-2556,1.4351679718780281,0.35973581160483875
Zargot-2-2556,0.5590508945632575,0.17398785083209664
Zargot-2-2556,0.4610031266976209,0.0963500571504597
Zargot-2-2556,0.3316399038401941,0.23153191886869476
Zargot-2-2556,1.382661171054633,0.2365382655203131
Zargot-2-2556,1.203878182235179,0.30215521280792884
Zargot-2-2556,2.2103499599323353,0.48286491480005744
Zargot-2-2556,0.5313295734046484,0.45782303399321794
Zargot-2-2556,0.8683079810810468,0.40872174807709016
Zargot-2-2556,1.49043614993817,0.05049219511505818
Zargot-2-2556,2.1931870711840857,0.18668528379124844
Zargot-2-2556,0.6791319277165525,0.18172918960172746
Zargot-2-2556,1.3300914103917953,0.635848254062144
Zargot-2-2556,1.0944632049407044,0.8921009616484687
Zargot-2-2556,0.7041557792155041,0.12248922123420353
Zargot-2-2556,0.1916307090598794,0.031890849111904124
Zargot-2-2556,2.6439419642013173,0.19839447341014013
Zargot-2-2556,1.3265825971969136,0.16112499233472874
Zargot-2-2556,0.594630845981966,NA
Zargot-2-2556,1.063679194662972,0.054906289522043496
Zargot-2-2556,0.8998127201257353,0.24060608376378723
Zargot-2-2556,1.0123270013383971,0.4874788960942213
Zargot-2-2556,0.5820174347995797,0.09980738456770981
Zargot-2-2556,0.776108566793273,0.7366178193027607
Zargot-2-2556,0.7667027255604337,0.2381075136504395
Zargot-2-2556,0.8984754211545749,0.047912902229771986
Zargot-2-2556,0.7881121614298205,0.21801057189876924
Zargot-2-2556,NA,0.07503568227793966
Zargot-2-2556,1.8097396466359255,0.9034885027819929
Zargot-2-2556,0.5490877355581605,0.45040014320374067
Zargot-2-2556,1.2466520779470873,0.4939986791141257
Zargot-2-2556,0.7421810095305665,0.3591145392474257
Zargot-2-2556,0.8618506674485453,0.39571891420354277
Zargot-2-2556,0.9204598801591584,0.3436444085893068
Zargot-2-2556,0.5677028864045917,0.49226190485238885
Zargot-2-2556,0.36177613027718364,0.22631597007849424
Zargot-2-2556,1.0773564584436461,0.6414852380857032
Zargot-2-2556,0.5683436095528602,0.08256789009731262
Zargot-2-2556,0.884879451346951,0.3460823737929923
Zargot-2-2556,2.2385969318117747,0.28987458309982445
Zargot-2-2556,0.7127956841793318,0.3393575591513866
Zargot-2-2556,0.4825503526681974,0.48053933691259276
Zargot-2-2556,0.7385618711683679,0.6206688946232314
Zargot-2-2556,1.0130731807905133,0.05470560486698617
Zargot-2-2556,0.9040972759554743,0.32308499112742617
Zargot-2-2556,1.616640200712492,0.23464983618165758
Zargot-2-2556,1.2255132083184939,NA
Zargot-2-2556,1.6102524732698613,1.0881353204618789
Zargot-2-2556,0.5548656468144949,0.1053952339934725
Zargot-2-2556,0.896274184009938,0.17855942792884538
Zargot-2-2556,2.4795729447000525,0.4081970787049571
Zargot-2-2556,0.5888927430426532,0.46029065678049297
Zargot-2-2556,0.29154078963465085,0.23591393478625372
Zargot-2-2556,1.2303903273121546,0.3577220247378828
Zargot-2-2556,0.962005405300295,0.5046865421800504
Zargot-2-2556,1.1908242004524483,0.3532184870685048
Zargot-2-2556,0.7684236601498817,0.10338010214784628
Zargot-2-2556,1.1029176809671573,0.42384782143427846
Zargot-2-2556,2.4022842169914473,NA
Zargot-2-2556,1.5488164782922578,0.7113177138414175
Zargot-2-2556,0.7609544240119477,0.254166209574593
Zargot-2-2556,1.28947059107625,0.32538947964433196
Zargot-2-2556,0.5223223191852523,0.2875417946102804
Zargot-2-2556,1.9435729676054727,0.11364266776694087
Zargot-2-2556,2.1372253394255676,0.8871583940306224
Zargot-2-2556,0.3451232692592631,NA
Zargot-2-2556,0.3388329977941371,0.23468198243971994
Zargot-2-2556,0.8880412349034982,0.37897308532606755
Zargot-2-2556,0.6270551172804238,0.5396476509902436
Zargot-2-2556,2.740386065820405,1.2002870905191863
Zargot-2-2556,2.636320315377572,0.9421216507495318
Zargot-2-2556,4.76469275189899,0.05209361141548374
Zargot-2-2556,0.6115370571325262,0.26519005935786183
Zargot-2-2556,1.5868682051448273,0.4430018776929539
Zargot-2-2556,0.3607335705940615,0.26286634613388604
Zargot-2-2556,0.584073356009257,NA
Zargot-2-2556,0.5854318249624345,0.4133483948730508
Zargot-2-2556,1.5486684235633774,0.10753090789981806
Zargot-2-2556,1.2005276439291444,NA
Zargot-2-2556,0.7152772568594962,0.5125741045694534
Zargot-2-2556,0.8395341812822907,0.3999357874357552
Zargot-2-2556,0.6309353993522204,0.5415507903140744
Zargot-2-2556,0.28836436988959563,0.16660869770159922
Zargot-2-2556,0.41609070301412343,0.24471191861466074
Zargot-2-2556,1.1103212290590772,1.074219502771929
Zargot-2-2556,0.5025011386799798,NA
Zargot-2-2556,1.2681458088019129,0.4875563939886946
Zargot-2-2556,0.28962445490635885,0.25632975633377425
Zargot-2-2556,0.6975673173623905,0.5304628662712195
Zargot-2-2556,0.6720604593913093,0.40152305156394297
Zargot-2-2556,1.464272690316689,0.4804348414606747
Zargot-2-2556,1.57701661220165,0.13622427643683357
Zargot-2-2556,0.8963527377444532,0.7758470106523231
Zargot-2-2556,0.8264231304942392,0.5576953269202608
Zargot-2-2556,0.652236919075816,0.3545017121539455
Zargot-2-2556,0.5946794169670537,0.07262740129692069
Zargot-2-2556,0.39958963038529205,0.2549382266743851
Zargot-2-2556,1.4386127585668118,0.8758196303106843
Zargot-2-2556,3.39415369501436,0.9242627265839577
Zargot-2-2556,0.42839652142115103,0.21074478742671723
Zargot-2-2556,1.7457961614019468,0.4324283487839202
Zargot-2-2556,2.7285627992309065,0.0141496478277791
Zargot-2-2556,0.9148447855557502,0.7692328996412674
Zargot-2-2556,0.36519239638067247,0.26487751433104395
Zargot-2-2556,1.1101931261293057,0.14117059964107412
Zargot-2-2556,1.5022150846513536,0.5289543522637058
Zargot-2-2556,1.358482696186606,0.6503691628056886
Zargot-2-2556,1.8834064465480866,1.0272631028670967
Zargot-2-2556,1.6209589833004785,0.19513073521653568
Zargot-2-2556,0.9835603591561226,0.36697033112649474
Zargot-2-2556,NA,0.1111038135702967
Zargot-2-2556,1.0055750299441808,0.22099951564386533
Zargot-2-2556,0.30847001953380326,0.1564214456595064
Zargot-2-2556,0.5233714414522457,0.2789212765640877
Zargot-2-2556,3.4672048351919686,0.0687425744562084
Zargot-2-2556,1.9597397532439644,0.17706872193787263
Zargot-2-2556,0.9889658582416884,0.5733463916249558
Zargot-2-2556,0.98588641664211,0.9404033981120385
Zargot-2-2556,0.3090862040946951,0.2575739025916443
Zargot-2-2556,0.1653142661707164,0.044466722697228005
Zargot-2-2556,0.5777886003489264,0.1811852164629748
Zargot-2-2556,0.9876590974766892,0.2939084546236296
Zargot-2-2556,0.2248234930309271,NA
Zargot-2-2556,0.39918036916610167,0.398293860040811
Zargot-2-2556,0.3577389325130272,0.15649667217291843
Zargot-2-2556,0.35147186060672597,0.3308823848509548
Zargot-2-2556,1.2118354019970585,0.45235036687504665
Zargot-2-2556,0.4058199992911496,0.2932619768384885
Zargot-2-2556,0.5594865157498186,0.3230973104431677
Zargot-2-2556,1.7304415106176978,0.18977473822860336
Zargot-2-2556,0.45508032946339383,0.2923704567894233
Zargot-2-2556,1.289927586188703,0.5039416255359163
Zargot-2-2556,2.086151514407241,0.3740784927224429
Zargot-2-2556,0.6624585968266656,0.44109691323577216
Zargot-2-2556,1.1163739702652242,NA
Zargot-2-2556,0.5474521665498159,0.06574268259047093
Zargot-2-2556,0.742097214933406,0.4173760169003539
Zargot-2-2556,0.6234814124873663,0.529868202829248
Zargot-2-2556,0.6612063998065665,0.3791689700361994
Zargot-2-2556,0.5340925106141864,0.20230840130895297
Zargot-2-2556,1.522014660468322,NA
Zargot-2-2556,2.0979859383736867,0.18489561983981231
Zargot-2-2556,1.2783660547935578,0.6660188714482985
Zargot-2-2556,1.3877419951672383,NA
Zargot-2-2556,0.6516853066477841,0.215436225592252
Zargot-2-2556,1.0376508726042744,0.47775406529494646
Zargot-2-2556,1.0956532574581561,0.18202768291087007
Zargot-2-2556,1.3617365463925162,NA
Zargot-2-2556,0.5769859557723028,0.3902179872042274
Zargot-2-2556,0.36350927870125327,0.3287738904870804
Zargot-2-2556,0.9227791635910582,0.42854421066339105
Zargot-2-2556,0.6374083164978788,0.48118362883230453
Zargot-2-2556,0.7122162585855553,0.4879884796383553
Zargot-2-2556,0.888304930545497,0.25713448553563045
Zargot-2-2556,2.2108718526470232,1.7907813736412066
Zargot-2-2556,1.5361472447378448,0.2555970340034803
Zargot-2-2556,0.904579245132491,NA
Zargot-2-2556,0.9813352034309952,0.5870858096846644
Zargot-2-2556,0.5922577989476087,NA
Zargot-2-2556,1.8969396704187986,0.16912913438251073
Zargot-2-2556,1.555033114646671,0.16733166402903296
Zargot-2-2556,0.8255795207382631,NA
Zargot-2-2556,0.2531751744063426,0.18884124275942696
Zargot-2-2556,0.2742820337669285,0.219776726432372
Zargot-2-2556,1.2065385369741328,0.045165879005066877
Zargot-2-2556,1.5828281531042074,0.058319444927593424
Zargot-2-2556,1.2636856992657721,0.2598626165764037
Zargot-2-2556,0.4098400624239391,0.16809144432994813
Zargot-2-2556,2.926350731283329,0.37230624242393323
Zargot-2-2556,0.7163545225011317,0.14512841558978634
Zargot-2-2556,1.3011967462711407,1.069885177260511
Zargot-2-2556,2.137461494671294,0.36969813892352804
Zargot-2-2556,0.40804171814567863,0.11197836720886845
Zargot-2-2556,0.6864538208136006,0.49807235740665023
Zargot-2-2556,0.4186108704174304,0.132883669878668
Zargot-2-2556,1.0698858764752082,0.5574495111652615
Zargot-2-2556,0.38517378036087785,0.2986144501763765
Zargot-2-2556,0.5171188162346148,0.41641969283238
Zargot-2-2556,0.8939907881429017,0.6745465121175648
Zargot-2-2556,1.0123281483966375,0.6248453165111598
Zargot-2-2556,1.8901860746303971,0.1559274718947066
Zargot-2-2556,1.155607699011695,0.7000572131534641
Zargot-2-2556,0.731416233200074,NA
Zargot-2-2556,0.6040057210620462,0.09595404385927901
Zargot-2-2556,0.7100290284528397,0.18348225271886498
Zargot-2-2556,1.6489454398894359,0.5125609814098356
Zargot-2-2556,1.3040964458781792,0.058523235329503535
Zargot-2-2556,0.4737806585302165,0.4194087605670578
Zargot-2-2556,0.6916904830220514,0.20409923216708342
Zargot-2-2556,0.9257365546320689,0.07254326486195936
Zargot-2-2556,0.8965940430271966,0.24826326944725322
Zargot-2-2556,0.9417112562140547,0.559189169584759
Zargot-2-2556,0.27853904945216584,0.19953687585419802
Zargot-2-2556,0.5156883750331249,0.3024116082009292
Zargot-2-2556,0.9066758272740391,0.49307144405794817
Zargot-2-2556,1.6161320303011366,0.18870606212244567
Zargot-2-2556,1.3654773691999698,0.1156923459806633
Zargot-2-2556,0.35324645563469564,0.33515676280777684
Zargot-2-2556,3.278519357289144,0.12071175003128859
Zargot-2-2556,1.2839429029032694,NA
Zargot-2-2556,0.8904032247157563,0.3171989282660807
Zargot-2-2556,2.9419438209432864,0.8767500190714452
Zargot-2-2556,0.592928358918464,NA
Zargot-2-2556,0.7530897088472571,0.34836460051129375
Zargot-2-2556,0.6948595361339561,0.6002961454283874
Zargot-2-2556,1.4189178307964916,0.3972466471503081
Zargot-2-2556,0.4839576250081641,0.10131066247987958
Zargot-2-2556,0.5898301743912685,0.17143271090942547
Zargot-2-2556,0.8176262620502607,NA
Zargot-2-2556,2.3151559138191122,0.20389903177469104
Zargot-2-2556,0.9312157436832039,0.06591092591029209
Zargot-2-2556,1.7911422630653846,0.1581601984176122
Zargot-2-2556,1.9650608686518207,0.06120288792483833
Zargot-2-2556,1.038374174734845,NA
Zargot-2-2556,1.04426829009909,0.9599719699428667
Zargot-2-2556,1.4226475855145468,NA
Zargot-2-2556,0.3092851867412034,0.13504313884971372
Zargot-2-2556,1.1522305604157088,0.295562758407574
Zargot-2-2556,0.6338651867862377,0.3581878072267366
Zargot-2-2556,0.8136323024491505,0.18086665007505365
Zargot-2-2556,0.7202446556602125,0.38827030888103004
Zargot-2-2556,2.0788808350141648,0.2554860439078946
Zargot-2-2556,0.8450557576497139,0.44248395305995125
Zargot-2-2556,0.9711216948374831,0.8311533057611413
Zargot-2-2556,0.9844696509038683,0.07558545550307373
Zargot-2-2556,2.599656996908229,0.2345642986711397
Zargot-2-2556,1.5670637094477184,0.4928203366907477
Zargot-2-2556,3.680808497213025,0.45570826388651536
Zargot-2-2556,0.11938558105374708,0.113657198428268
Zargot-2-2556,0.7554849989895858,0.6221640526420097
Zargot-2-2556,0.9070921026589887,0.2726743225693944
Zargot-2-2556,1.6995484986175935,0.42885487876021267
Zargot-2-2556,0.46547611580104975,NA
Zargot-2-2556,1.7541878685935195,0.20490337716305695
Zargot-2-2556,1.062112337921906,0.17257573672085702
Zargot-2-2556,1.227140272389215,0.4691172366803164
Zargot-2-2556,0.4942412275909862,0.48610978835664204
Zargot-2-2556,0.8151663006411162,0.16109848061086823
Zargot-2-2556,0.9297298050011423,0.7820426383017682
Zargot-2-2556,0.8749234761759038,0.7575264430405974
Zargot-2-2556,0.8579349097053655,0.4358943254745654
Zargot-2-2556,2.626928547214929,0.13266959372697798
Zargot-2-2556,0.3799959004975395,NA
Zargot-2-2556,0.8432283341049829,0.38261408498255534
Zargot-2-2556,0.25766707610429845,0.2533290378587089
Zargot-2-2556,1.5185057305724332,NA
Zargot-2-2556,0.6474712096782632,0.20402219656502874
Zargot-2-2556,1.161188748742789,0.6096256997912166
Zargot-2-2556,1.4427279084572948,0.308740944146608
Zargot-2-2556,1.1102768479734377,NA
Zargot-2-2556,0.5618978571101699,0.2530524928443459
Zargot-2-2556,0.2612095099521703,0.1676519562305494
Zargot-2-2556,0.5429024503253095,0.23609327941618863
Zargot-2-2556,0.5647454744500565,0.23822639190788442
Zargot-2-2556,1.4477302218185173,0.2809994073424649
Zargot-2-2556,1.0238659719365588,0.40920124523108203
Zargot-2-2556,1.1172863326906732,0.04955714079929282
Zargot-2-2556,0.41488886961730026,0.18593106222160963
Zargot-2-2556,0.6624577081029653,0.6350646082396065
Zargot-2-2556,0.8921696142404132,0.8850533011344215
Zargot-2-2556,0.25131624375960904,0.09083077904938824
Zargot-2-2556,1.5502115977512032,0.194349100697174
Zargot-2-2556,0.772741987259757,0.6993969460778393
Zargot-2-2556,2.0928717610109646,0.11241110854550823
Zargot-2-2556,0.7541424853886162,0.3209089731096896
Zargot-2-2556,1.1570063197541527,0.3986988729600231
Zargot-2-2556,0.556807610860252,0.3080859416154971
Zargot-2-2556,0.818237080509221,0.32413828658321714
Zargot-2-2556,1.1212549305648798,0.22968327816597528
Zargot-2-2556,1.2507302367768933,0.27386790653369536
Zargot-2-2556,0.676533989890069,0.5298152258666166
Zargot-2-2556,0.5494467484862208,0.4027890747018855
Zargot-2-2556,0.34496743913998185,0.2100274005110453
Zargot-2-2556,0.6424812596181412,0.14585474519328798
Zargot-2-2556,1.3100989425692293,0.20962403061045554
Zargot-2-2556,0.5382388054410975,0.42011889783262196
Zargot-2-2556,0.6065826670746451,0.1954981123345643
Zargot-2-2556,0.7864113195527938,0.11948759590713326
Zargot-2-2556,1.1566439922822127,0.26950234506706394
Zargot-2-2556,0.3775420161159578,NA
Zargot-2-2556,0.5145271770717849,0.22674070380387
Zargot-2-2556,0.3858642326559004,0.09547559862100218
Zargot-2-2556,1.495288617123215,0.390593576099794
Zargot-2-2556,0.50741682575058,NA
Zargot-2-2556,0.8558443393142771,0.5174836854058322
Zargot-2-2556,1.5203727134590714,0.16769360108561565
Zargot-2-2556,0.7221025106960138,0.5766905099755123
Zargot-2-2556,0.9078413491015586,NA
Zargot-2-2556,0.6483525567091183,0.4279735435269843
Zargot-2-2556,1.3881344186890596,0.7736905642595336
Zargot-2-2556,2.009470377279111,1.078037374592397
Zargot-2-2556,1.2577144004504293,0.6590854432077596
Zargot-2-2556,1.5120071668778698,0.2859624252796665
Zargot-2-2556,1.304265185198243,0.37722476660618454
Zargot-2-2556,2.860255143558757,1.6804095427407715
Zargot-2-2556,0.5615803032815457,0.4252301031885183
Zargot-2-2556,0.4791495576394349,0.4034797000657466
Zargot-2-2556,0.3353355817951697,0.051235828356726666
Zargot-2-2556,2.0508124799918335,0.2902391345920876
Zargot-2-2556,0.7847340611386344,0.13894865696913014
Zargot-2-2556,1.5751890376046587,0.1164992664107861
Zargot-2-2556,1.553755642271594,0.21574781805923837
Zargot-2-2556,1.2470304586186376,0.2468413453531019
Zargot-2-2556,0.3200972475156006,0.18375215154378474
Zargot-2-2556,0.39821686018108826,NA
Zargot-2-2556,2.146959943685587,0.4254316415946289
Zargot-2-2556,0.3622069197902264,0.28439216890779434
Zargot-2-2556,0.9479344354780217,NA
Zargot-2-2556,0.4244892003441182,NA
Zargot-2-2556,0.2754453297318738,0.06945323601208778
Zargot-2-2556,0.8376820758654092,NA
Zargot-2-2556,1.4685814585332786,0.20620086689630732
Zargot-2-2556,0.3621440758059366,0.17098804053253056
Zargot-2-2556,2.536267229900209,0.454332105812844
Zargot-2-2556,0.8167707157492101,0.7297628866774484
Zargot-2-2556,1.5504787726461438,0.41755980009695337
Zargot-2-2556,0.9027786675194273,0.07634078122677587
Zargot-2-2556,0.9540203582435863,0.35007956722713063
Zargot-2-2556,0.30479708734826017,0.17458408673647122
Zargot-2-2556,0.9610218836637623,0.2654231965705083
Zargot-2-2556,1.0844421237199489,0.06281359882132703
Zargot-2-2556,1.3113305819389716,NA
Zargot-2-2556,0.4375240856370109,0.3864045738962114
Zargot-2-2556,0.559039853848255,0.016573406001501177
Zargot-2-2556,1.7169998953935455,0.386538802365434
Zargot-2-2556,0.8637237515427283,0.47732744910033015
Zargot-2-2556,1.3058949403789915,0.1255799708997923
Zargot-2-2556,1.2630711143616662,NA
Zargot-2-2556,1.3697065093796605,0.4337041581979028
Zargot-2-2556,0.7943815674930593,0.25718257849646
Zargot-2-2556,0.5518793189706573,0.37409926184333014
Zargot-2-2556,0.35516239416753126,0.140725950053612
Zargot-2-2556,0.8630432829222419,0.5690851275459747
Zargot-2-2556,0.5009004292133205,0.23208788720079185
Zargot-2-2556,0.24921397588152117,0.009792847825397773
Zargot-2-2556,1.0518044738053163,0.47370851330510205
Zargot-2-2556,1.1217276541571037,0.6360945109867675
Zargot-2-2556,1.458054104487437,0.19977751500771063
Zargot-2-2556,1.3751387823546672,NA
Zargot-2-2556,0.6528587482218536,0.11178903503964428
Zargot-2-2556,0.6537794029133795,0.06022909837352324
Zargot-2-2556,0.8083346575685778,0.05213055877893979
Zargot-2-2556,1.2711075404854637,0.23559190710959144
Zargot-2-2556,0.7939589225991802,0.40559841159973753
Zargot-2-2556,0.8227078089912119,0.6445110386209351
Zargot-2-2556,0.7218593503799307,0.3323106730740833
Zargot-2-2556,0.9314034331250336,0.2206311192355256
Zargot-2-2556,2.9726029720279286,0.390266123145789
Zargot-2-2556,0.18625905846144564,0.1685762577115039
Zargot-2-2556,3.0461796803981076,0.13117532568371632
Zargot-2-2556,0.91456419761712,0.0981015212829584
Zargot-2-2556,0.4590131450985242,0.2871182187949369
Zargot-2-2556,0.79098096687070385,0.24751981272152165
Zargot-2-2556,0.9337017405253267,0.14900098939738815
Zargot-2-2556,1.4673683935182509,0.03251458434099038
Zargot-2-2556,0.9741850552885034,0.5589492569722265
Zargot-2-2556,1.3129317418844457,0.1358116887999884
Zargot-2-2556,1.276794635078691,0.20578993440127935
Zargot-2-2556,2.3495451351667693,0.3413308014969976
Zargot-2-2556,0.9617961729471974,0.10504852734647692
Zargot-2-2556,0.45660371723022247,0.010109425897435272
Zargot-2-2556,0.890759256534402,0.3087598944865502
Zargot-2-2556,0.39421994327010945,0.25932815191767683
Zargot-2-2556,0.9181193702951003,0.2673798989452944
Zargot-2-2556,1.1956011413953795,0.08131744813556786
Zargot-2-2556,1.6489384744818119,0.173971080371838
Zargot-2-2556,0.6300886484624506,0.18850344859288523
Zargot-2-2556,1.1502843294555858,0.4202124863851695
Zargot-2-2556,2.5154012530103227,0.4369240358742021
Zargot-2-2556,NA,0.09805000317746951
Zargot-2-2556,0.6649238668646952,0.6437892140623416
Zargot-2-2556,0.5848507946301313,0.45440395662937
Zargot-2-2556,0.6338128010924438,NA
Zargot-2-2556,0.9927845970349047,NA
Zargot-2-2556,0.8120466123005451,0.28913783403394294
Zargot-2-2556,0.40483289342428413,0.3128894613296247
Zargot-2-2556,1.06583378040228,0.541224120314188
Zargot-2-2556,0.4171616403899622,0.27084272052593916
Zargot-2-2556,1.0527414757910003,0.2152225882209946
Zargot-2-2556,0.3974446460957188,0.17367350733106013
Zargot-2-2556,0.8766731917221918,0.41059129113365034
Zargot-2-2556,0.33080630353398194,0.0507006761873305
Zargot-2-2556,3.3175440848764732,NA
Zargot-2-2556,1.4463488676573986,0.6306207476723161
Zargot-2-2556,0.6909381699562889,0.5204501119053803
Zargot-2-2556,1.3485166709335374,0.4493254645038374
Zargot-2-2556,0.20156525183086,NA
Zargot-2-2556,0.3669370683663641,0.3163177599843898
Zargot-2-2556,0.38893647865302694,0.38441430317713027
Zargot-2-2556,0.5319931263841822,0.1668139795031319
Zargot-2-2556,2.1069156906807356,0.12084558022878855
Zargot-2-2556,1.140771074354267,0.038054701813180845
Zargot-2-2556,0.7152322843908444,0.5241101212062194
Zargot-2-2556,1.4886733239778052,0.12281304995722153
Zargot-2-2556,2.7260647670266827,0.7547495681031074
Zargot-2-2556,1.841171665963164,0.4698046559496547
Zargot-2-2556,0.284803033951143,0.08929243615624782
Zargot-2-2556,1.5750374107993061,0.2630842404413214
Zargot-2-2556,0.6545973214052826,0.1813838827948594
Zargot-2-2556,0.7710173116290487,NA
Zargot-2-2556,1.0108476445908388,1.0061383746552799
Zargot-2-2556,0.716490215036231,0.2532313485415026
Zargot-2-2556,0.8505756187238354,0.2757367950624066
Zargot-2-2556,0.572309877200821,0.5391597846927731
Zargot-2-2556,0.42524320938338717,NA
Zargot-2-2556,0.7106059380525784,0.3674300790472352
Zargot-2-2556,0.8900146545194754,0.4758580795321734
Zargot-2-2556,0.5565988431296065,0.18994985018302046
Zargot-2-2556,1.0595010464326853,0.9280268971193089
Zargot-2-2556,1.2449015200598024,NA
Zargot-2-2556,1.833562541702224,0.5779671495333549
Zargot-2-2556,0.9509167275622465,0.28546315091843694
Zargot-2-2556,0.8427271894721984,NA
Zargot-2-2556,0.37401338059586164,0.07855993500133518
Zargot-2-2556,0.7744630931495767,0.6961236404299268
Zargot-2-2556,1.21556241910993,0.05053326258630793
Zargot-2-2556,1.0364141494457126,0.7857082369828027
Zargot-2-2556,0.7736680609734168,0.16396746495614833
Zargot-2-2556,1.5076623761608217,0.21749031287652698
Zargot-2-2556,0.6618517926236176,NA
Zargot-2-2556,0.6709303793332076,0.1668940082747228
Zargot-2-2556,1.1473571954383361,0.5099063989449084
Zargot-2-2556,0.8161322165254167,0.4242960306863719
Zargot-2-2556,1.3456032330773466,0.6396752351906294
Zargot-2-2556,1.198351308573555,0.1946511335515005
Zargot-2-2556,0.47219513758195975,0.4040545717687383
Zargot-2-2556,1.247830266191008,0.4560077192609012
Zargot-2-2556,1.5951556246616632,0.8011798149363539
Zargot-2-2556,1.2532299371366995,0.24687871640927958
Zargot-2-2556,0.9293159394051862,0.4285455773319357
Zargot-2-2556,1.746236375693259,0.6509785540314987
Zargot-2-2556,2.405977664966365,0.46395748435816925
Zargot-2-2556,0.528545994994758,0.2367666865136218
Zargot-2-2556,1.1693777323141792,0.5922728684346648
Zargot-2-2556,0.4654921113581484,0.3178561569034754
Zargot-2-2556,1.1669548428078742,0.8036982547961842
Zargot-2-2556,0.36740864454441635,0.14090858558417627
Zargot-2-2556,0.6375616699335876,0.1074599682334611
Zargot-2-2556,1.564957023146246,0.4091850720243018
Zargot-2-2556,0.15406280829623786,0.13311298104212385
Zargot-2-2556,1.1579205838116116,0.6394735247914448
Zargot-2-2556,0.6641804226375309,0.2084394858799823
Zargot-2-2556,0.9959420930830993,0.9659596518715826
Zargot-2-2556,1.0530172996836213,0.11095731970431676
Zargot-2-2556,0.46519410421128504,0.37363934789806397
Zargot-2-2556,2.9400462651187347,0.19666729418197915
Zargot-2-2556,0.9715976208782249,0.18879172903372968
Zargot-2-2556,2.1247817586299793,0.09939239891199043
Zargot-2-2556,1.4877509925829178,0.9818110132199934
Zargot-2-2556,0.3299907023456466,0.15314778693253875
Zargot-2-2556,1.5889631048683353,0.45964136243938597
Zargot-2-34,1.1193161061179888,0.8690567907742903
Zargot-2-34,2.2324885817974796,0.5324543369541568
Zargot-2-34,2.035412440129464,0.744950156840603
Zargot-2-34,1.2064481676156968,0.6297226281858749
Zargot-2-34,2.1063785670145707,0.592765890866968
Zargot-2-34,1.4596232419557844,1.0719546522627903
Zargot-2-34,0.8028255125984546,0.32898866407992244
Zargot-2-34,2.381333553565872,1.2510022923701678
Zargot-2-34,2.2972819588113973,0.5135996045765427
Zargot-2-34,2.8185057056194687,0.5487646308766116
Zargot-2-34,3.264088692135627,0.2449934974244276
Zargot-2-34,1.4948596669460463,0.46742385570342615
Zargot-2-34,3.918005288672724,1.1189267225858315
Zargot-2-34,0.6838214643839013,0.6773156405753685
Zargot-2-34,3.6495535454774393,0.6275893344213151
Zargot-2-34,2.94457555917888,0.7999987197827418
Zargot-2-34,2.0477014132559392,1.4145868568579103
Zargot-2-34,1.9527915619601197,0.6432865353519852
Zargot-2-34,1.6200408312415657,0.12441069957895329
Zargot-2-34,1.0194809884165905,0.8936131325883665
Zargot-2-34,0.9533016961680506,NA
Zargot-2-34,1.3863310937449635,0.7960868129589893
Zargot-2-34,3.1153842790119564,0.90279155720792
Zargot-2-34,3.500040265062383,0.6442120645082917
Zargot-2-34,1.300067780977583,NA
Zargot-2-34,1.4510249275013754,0.49491995706185976
Zargot-2-34,1.6097935606789977,0.7173431805379785
Zargot-2-34,2.267634446804497,0.7491895976245979
Zargot-2-34,1.686069792284516,0.5154939286299076
Zargot-2-34,1.9707297106468462,0.48734186254948497
Zargot-2-34,3.134967731840315,0.398591606706332
Zargot-2-34,1.8746692009584376,1.1584041768189441
Zargot-2-34,4.047302216816652,0.9618232535042688
Zargot-2-34,3.2491307146364177,0.7233472037760127
Zargot-2-34,1.1744301143853528,0.5002461021933106
Zargot-2-34,1.1715961794919543,0.8510066481626573
Zargot-2-34,2.754283051142465,1.0030359000833944
Zargot-2-34,3.355367069885179,0.20707493145501288
Zargot-2-34,1.8251375887079928,0.12351006710010212
Zargot-2-34,2.2097862180452177,0.23583891344614355
Zargot-2-34,4.233374276457645,0.3824608339431097
Zargot-2-34,2.597084228531213,0.819330726257432
Zargot-2-34,3.155100008726112,1.0306900783375461
Zargot-2-34,2.61107323647862,0.11927700829669281
Zargot-2-34,5.148649318019672,0.6390228209437074
Zargot-2-34,2.5834642498119798,1.1876443453126426
Zargot-2-34,1.922969173253674,0.49557879769342905
Zargot-2-34,3.7282291113407116,0.3412132114535451
Zargot-2-34,1.4517785512925823,NA
Zargot-2-34,1.661119506516676,0.7645272020177871
Zargot-2-34,1.3567906385347603,1.0870101526177816
Zargot-2-34,1.910674807154558,0.45624879667413776
Zargot-2-34,4.166063960967065,0.6187711527398908
Zargot-2-34,0.9298576182793187,0.8480611990912472
Zargot-2-34,1.4481480686546926,0.2915101093917759
Zargot-2-34,2.9586044530054174,0.45297843366685575
Zargot-2-34,1.4299621956191166,0.31295595760829864
Zargot-2-34,0.503763799400341,0.25551035752459306
Zargot-2-34,0.9586301972376758,0.1306197558168763
Zargot-2-34,1.731791259316131,0.6191739339892575
Zargot-2-34,0.8320098521879156,0.5984952232083971
Zargot-2-34,1.5390441185232413,0.9387403116188056
Zargot-2-34,2.1757926150380023,0.8344309237690206
Zargot-2-34,2.4877919105985957,0.26797011818821165
Zargot-2-34,1.7683763653370759,0.5757244832714287
Zargot-2-34,1.8327151973843474,0.2977351527178642
Zargot-2-34,1.1286231239624984,0.32506275658620387
Zargot-2-34,2.9375368102457564,0.5915530111731044
Zargot-2-34,4.015309871238356,0.698993452738055
Zargot-2-34,1.81130979879207,0.5453982089930405
Zargot-2-34,2.086392874015839,0.2013239547794462
Zargot-2-34,2.249999877236186,0.5101477994592712
Zargot-2-34,1.1194354586327324,0.89680906272032
Zargot-2-34,2.0418124428136855,0.42599878022898274
Zargot-2-34,1.4329270190014753,1.2379207668062688
Zargot-2-34,1.7913622685874846,1.1729449759066455
Zargot-2-34,1.642318877865441,0.7510608402069601
Zargot-2-34,1.4562653806616186,NA
Zargot-2-34,2.3404922921518008,0.32315763542279374
Zargot-2-34,1.9459028933438705,1.0176705664826742
Zargot-2-34,2.4518093599127706,0.8722574224164585
Zargot-2-34,3.5477749261370026,1.1856482298077464
Zargot-2-34,1.9592891367184295,0.9344908116426875
Zargot-2-34,1.9701611229148832,0.4071474232705519
Zargot-2-34,1.4158570716384509,0.510586915496012
Zargot-2-34,1.9047202278444237,0.6070864748615792
Zargot-2-34,2.2942544329128016,0.5035522104837983
Zargot-2-34,1.5021772717859336,0.16569361026238888
Zargot-2-34,1.8906460317486107,1.270077001392757
Zargot-2-34,2.6046906301663686,0.7446439523906286
Zargot-2-34,1.4462768573748321,1.095082346194513
Zargot-2-34,2.472286598615848,0.2634711120020776
Zargot-2-34,2.0320154494855713,0.9559626097018877
Zargot-2-34,2.6385333101929946,1.18933581617567
Zargot-2-34,2.4090158047189267,0.540765189737467
Zargot-2-34,3.4878227112366766,0.42250754759246023
Zargot-2-34,0.8261776574662794,0.6743622031698142
Zargot-2-34,2.7960746100904355,0.9176041950167836
Zargot-2-34,1.505788266558677,0.2858140568852589
Zargot-2-34,3.2072555176320057,0.8899273875051681
Zargot-2-34,3.3331261251390383,0.8547552806135995
Zargot-2-34,1.1743500018329398,0.41056401532964576
Zargot-2-34,2.539498106340932,0.7109469542725481
Zargot-2-34,1.0820448157744589,0.8648620011141016
Zargot-2-34,2.0062184398613794,NA
Zargot-2-34,2.073257831217666,0.7073216007684998
Zargot-2-34,2.059259431197062,0.4185002773987181
Zargot-2-34,1.9055904542045101,NA
Zargot-2-34,1.366726416411102,0.6405679480103101
Zargot-2-34,1.3111078213109444,0.46928810141187377
Zargot-2-34,0.7531252573122051,0.570303816720857
Zargot-2-34,1.5562199031394206,NA
Zargot-2-34,1.8084820272010178,0.5694569076847369
Zargot-2-34,2.5462531112689457,1.28401467822481
Zargot-2-34,5.003900952467967,0.4053985873376249
Zargot-2-34,1.3936156512375169,0.49017071411238655
Zargot-2-34,1.6052989461849607,0.8487486846484351
Zargot-2-34,2.0979684327729884,1.3746114841033912
Zargot-2-34,1.6832239152806707,1.1494180992090601
Zargot-2-34,3.5910332802882765,0.7996311055692882
Zargot-2-34,1.2781615236101274,0.48467661176224813
Zargot-2-34,1.2081912998652782,0.5955599252555378
Zargot-2-34,2.2703450664156626,0.3058969363904671
Zargot-2-34,1.9169820716543926,0.3878112611303697
Zargot-2-34,3.883402067323143,NA
Zargot-2-34,2.804133703230731,NA
Zargot-2-34,1.1560963775321917,0.31747597910021147
Zargot-2-34,0.7437443028589016,0.5246204732559385
Zargot-2-34,0.7691077031869687,0.5681900587869826
Zargot-2-34,1.7130204661667592,0.28703181441917924
Zargot-2-34,2.1458803099073163,1.0261910730055406
Zargot-2-34,2.4407568781693976,0.5653905128111436
Zargot-2-34,2.4069561097773233,0.6216049391002076
Zargot-2-34,1.1344600360991623,1.0660507440592142
Zargot-2-34,2.2311199858120885,0.21256543048305837
Zargot-2-34,2.0595294573504064,0.9285765019306331
Zargot-2-34,1.8039837210952427,1.0800714608556794
Zargot-2-34,1.3362200984305,0.7192799830732588
Zargot-2-34,1.5173437325844645,0.3906433888761307
Zargot-2-34,0.6775630731295826,0.47467065131661856
Zargot-2-34,4.341236544371319,0.568525667383411
Zargot-2-34,3.0091933473869044,0.7355972057025199
Zargot-2-34,2.5584929642512475,0.6529360434997686
Zargot-2-34,2.9974621694330734,0.9199379299997213
Zargot-2-34,1.3235040552615867,0.7356713423785343
Zargot-2-34,3.450482895797452,1.02977653824986
Zargot-2-34,2.875438934592376,0.6558767725824652
Zargot-2-34,2.2540473406515,0.5834273838744914
Zargot-2-34,0.9140129600217977,0.8319495728786164
Zargot-2-34,2.138957542399361,1.2195943953917359
Zargot-2-34,0.9256412542298939,0.19875057090639775
Zargot-2-34,1.4006553261302133,0.4493383480381329
Zargot-2-34,0.4884310031348382,0.48733674694551254
Zargot-2-34,3.991012528285773,0.36167713874146656
Zargot-2-34,2.7502219619320294,1.2428007672565966
Zargot-2-34,2.694026450638286,1.2134159650952339
Zargot-2-34,1.5970133993450446,0.30025847031034786
Zargot-2-34,1.8499852990642294,0.661107721952789
Zargot-2-34,1.7610120271785896,0.5112912278238599
Zargot-2-34,0.9399975953739055,0.6764365416223699
Zargot-2-34,4.659440874903503,1.3231091683753284
Zargot-2-34,1.3172149980552401,0.8764179618994753
Zargot-2-34,1.1502989005972502,0.28205439788956754
Zargot-2-34,1.089195578332658,0.5935823780144116
Zargot-2-34,1.2924473302767632,0.8750999526767897
Zargot-2-34,1.3415635253852334,0.6048274575232556
Zargot-2-34,1.6718064826601096,0.8997721718176097
Zargot-2-34,2.152192966137147,1.1321728183986681
Zargot-2-34,2.3423502000601233,0.7123595934396396
Zargot-2-34,2.4481991661504656,1.1241725235960534
Zargot-2-34,1.9974228445151236,0.44986034261521024
Zargot-2-34,0.8507581372879761,0.47512347202200234
Zargot-2-34,1.3441359925719853,0.6230196349669512
Zargot-2-34,1.7397890404340375,NA
Zargot-2-34,4.219196440267217,0.4431223088639419
Zargot-2-34,1.4422102414999336,NA
Zargot-2-34,1.3264036195477782,0.3778294658842979
Zargot-2-34,NA,0.5027245113876828
Zargot-2-34,1.810751735764791,0.5927723804390841
Zargot-2-34,3.1886142300105123,0.33117790946434134
Zargot-2-34,1.4218080529342674,0.9015573006369163
Zargot-2-34,4.755751829195597,0.6935885894558528
Zargot-2-34,1.5914799483217077,1.1214345510536878
Zargot-2-34,1.799607849720307,0.7813990727168628
Zargot-2-34,2.3301269830101443,0.1984335256277141
Zargot-2-34,1.5878250463499097,1.0609037941245514
Zargot-2-34,1.9635730185808675,0.919513341999326
Zargot-2-34,0.8012317211404043,0.28037205940283416
Zargot-2-34,1.4674274855954401,NA
Zargot-2-34,3.01266428293488,1.445597041888491
Zargot-2-34,2.2387522045744976,0.7372551007075216
Zargot-2-34,1.9137048521064326,0.5698045919413044
Zargot-2-34,0.6510804982158305,0.35662557062162287
Zargot-2-34,1.591744022769967,0.5846082972952504
Zargot-2-34,1.4389683464957659,0.8288595319036693
Zargot-2-34,1.0511455593636416,0.4411382964541555
Zargot-2-34,1.9605480907332888,1.4745139818056117
Zargot-2-34,1.7092652555205676,0.5542858499601279
Zargot-2-34,1.9689911505804631,0.5729522402551785
Zargot-2-34,2.5215703285850326,0.52869118324728
Zargot-2-34,1.0579065826676906,0.2269267708290208
Zargot-2-34,1.7657715185730403,0.4960694809853192
Zargot-2-34,2.502162796354955,1.0936610906047228
Zargot-2-34,1.997332501959807,0.22914720494505503
Zargot-2-34,1.3249542842086035,0.8143783386484053
Zargot-2-34,3.946345280249678,NA
Zargot-2-34,1.3590437569831777,0.9988276204466024
Zargot-2-34,2.7041254602025826,0.9041015251092329
Zargot-2-34,1.3638223675054701,0.3341275865951743
Zargot-2-34,3.138588418672043,1.0253344337232022
Zargot-2-34,1.2812108584483977,0.38557219779260127
Zargot-2-34,2.161292145401689,0.2709859088823847
Zargot-2-34,3.9037114265541333,0.23351305958356453
Zargot-2-34,1.5424670180739626,0.4566677655660897
Zargot-2-34,1.660113321145519,NA
Zargot-2-34,3.6184416170963347,0.9555078306023652
Zargot-2-34,2.3894647893752348,0.7165042355721192
Zargot-2-34,2.732465032284922,0.22927944298039898
Zargot-2-34,2.2270433856265948,0.46860537459763224
Zargot-2-34,4.446740538315255,0.5669860280191035
Zargot-2-34,0.7587660042877716,0.5448470534005136
Zargot-2-34,1.9803402124374776,0.4307223446819839
Zargot-2-34,0.9247456042779058,0.5527930209107215
Zargot-2-34,2.0759175086272577,1.1097365554306051
Zargot-2-34,2.0508965449963363,1.01500678565745
Zargot-2-34,0.8143939438749312,0.32941806670834733
Zargot-2-34,1.092600504994454,0.82681054788987
Zargot-2-34,1.6774809140682747,0.16742216392699866
Zargot-2-34,1.5861930705796776,0.3904223983913396
Zargot-2-34,1.8260294684835388,1.1650409835571023
Zargot-2-34,3.1692219358853464,0.23226149279518038
Zargot-2-34,NA,0.6057591244429559
Zargot-2-34,2.786877925182767,0.11862801277697066
Zargot-2-34,2.026901823733954,0.3382733290675988
Zargot-2-34,2.6823758971244,NA
Zargot-2-34,2.0554808103929627,1.1664526724151918
Zargot-2-34,2.0878055379166156,0.8732880897042917
Zargot-2-34,0.49475304281460325,0.19253680795100275
Zargot-2-34,2.9128562207005704,NA
Zargot-2-34,2.7595498388983617,0.5801947889165182
Zargot-2-34,2.136336210607031,0.75827717363283
Zargot-2-34,3.154669748738254,0.4190852743660754
Zargot-2-34,0.791038549300781,0.285503730448256
Zargot-2-34,0.5835149459579453,0.5569788302191709
Zargot-2-34,1.8469259108003877,0.2564821211029053
Zargot-2-34,2.0704209305408905,0.7162802475496406
Zargot-2-34,1.6984525348990351,0.38586154336169853
Zargot-2-34,2.934804497890313,0.9988928459361164
Zargot-2-34,1.0532652428531277,0.4630887695064881
Zargot-2-34,2.6202810988615624,1.3668023542974996
Zargot-2-34,1.6611016340070117,0.8089010753448315
Zargot-2-34,2.2400680713082655,1.1202643589371553
Zargot-2-34,1.569460228935709,0.5332408589240363
Zargot-2-34,2.1933178690719024,NA
Zargot-2-34,0.691494481635237,0.39077682197943814
Zargot-2-34,2.2203779923330145,0.3187946050244077
Zargot-2-34,1.189192889547046,NA
Zargot-2-34,2.055577659017546,NA
Zargot-2-34,1.034690172198411,0.5728824303348778
Zargot-2-34,1.0498092132793007,0.747663040285414
Zargot-2-34,1.1588792600421567,0.5535132266124516
Zargot-2-34,2.3300610361420286,0.6009001637152664
Zargot-2-34,0.9935619412566076,0.5393698177200611
Zargot-2-34,0.8574853933343866,0.5887957204709177
Zargot-2-34,4.003231057220296,0.2219831238685453
Zargot-2-34,3.969135690192411,0.20613249377730195
Zargot-2-34,2.15612428966135,0.9960398704299482
Zargot-2-34,1.0036320165206702,0.33034733078982287
Zargot-2-34,2.1238788635741876,0.2515627335005881
Zargot-2-34,2.4160072055777406,NA
Zargot-2-34,3.0381583724180876,0.3726241963230065
Zargot-2-34,2.9495687453781034,0.8560897177015275
Zargot-2-34,0.8470959837821519,0.44463697119219164
Zargot-2-34,2.3331280101486724,NA
Zargot-2-34,NA,0.49165386087629065
Zargot-2-34,1.563224174437632,NA
Zargot-2-34,2.625995478272079,1.3016962980860622
Zargot-2-34,2.0576862741208366,0.6350488867027374
Zargot-2-34,3.0314369210442296,0.7524008304927605
Zargot-2-34,2.4218065702075826,1.2242159986022734
Zargot-2-34,1.0071007947323791,0.8115871591034677
Zargot-2-34,0.7195244223082912,0.08273834098160382
Zargot-2-34,1.1280056544524655,1.0773374383798
Zargot-2-34,3.3667602957455904,0.7993421426374769
Zargot-2-34,2.040241567251766,0.4476435086645255
Zargot-2-34,1.8952077299408268,0.22001622754661346
Zargot-2-34,1.2936817534211442,0.3665518722261579
Zargot-2-34,0.6982775873596166,0.4027765226859913
Zargot-2-34,1.9153853011804765,0.4788842678109735
Zargot-2-34,1.9834314882156119,0.6976418589684733
Zargot-2-34,1.5638559401933942,0.48885302087865656
Zargot-2-34,0.7685520530796609,0.5121465447678974
Zargot-2-34,1.8830736398118195,0.49104477772579846
Zargot-2-34,2.6801785064869494,0.5434253297162448
Zargot-2-34,1.0963895112213855,1.004623350556408
Zargot-2-34,1.2600755092227442,0.3181354544513784
Zargot-2-34,2.1957937670220455,0.39492217747320046
Zargot-2-34,2.719025969599111,NA
Zargot-2-34,1.2451747804835613,1.0717005821938002
Zargot-2-34,0.7962665549273471,0.6280342979148271
Zargot-2-34,1.1739570434774653,0.7456251047014579
Zargot-2-34,2.1561405198069217,1.1454317193578458
Zargot-2-34,1.8196991362886263,NA
Zargot-2-34,1.189611836042074,0.8867553788809085
Zargot-2-34,1.2745059772064935,0.3777326732424581
Zargot-2-34,3.0533238720972564,0.8104087405046805
Zargot-2-34,2.0547425631992127,1.3497724288758277
Zargot-2-34,3.605695970603809,NA
Zargot-2-34,5.217291420087827,0.6302236419372227
Zargot-2-34,2.311153224789789,NA
Zargot-2-34,1.3565276299949423,1.2440970766853374
Zargot-2-34,2.523463611571912,0.3784562764365026
Zargot-2-34,2.674119739888575,0.4785168798482258
Zargot-2-34,1.6593998525472207,0.712581063490294
Zargot-2-34,1.1372304665347759,1.074635137989408
Zargot-2-34,1.1318948567713196,1.0649344119738964
Zargot-2-34,0.8788038651329577,0.7366165344190034
Zargot-2-34,2.9748508376283294,0.9498025575176423
Zargot-2-34,2.852581474455008,0.9522904671577
Zargot-2-34,1.7312927110606477,0.7797974126017105
Zargot-2-34,0.8529792722007198,0.79473400386072
Zargot-2-34,1.5317725998794145,0.6958165015944108
Zargot-2-34,1.835154477787471,0.33978435105226384
Zargot-2-34,0.913730577738742,0.7980509896881849
Zargot-2-34,1.683423913812724,1.0360743471240255
Zargot-2-34,2.1828342233457323,NA
Zargot-2-34,0.8924207809807833,NA
Zargot-2-34,1.2180048434994923,0.9699458434925301
Zargot-2-34,1.858979209097595,0.6836727931860082
Zargot-2-34,2.037333804492728,0.6937997899073849
Zargot-2-34,2.330761043233354,NA
Zargot-2-34,0.43998103853097964,0.41964421866968676
Zargot-2-34,2.7476212555884305,0.8715513531015607
Zargot-2-34,3.300499148691135,0.5141164452266294
Zargot-2-34,1.0287334606293124,0.3967920669118451
Zargot-2-34,3.109890197521068,0.62221501698841
Zargot-2-34,1.7121000111409341,0.3878823650228277
Zargot-2-34,3.4995323941784964,0.6004602356996529
Zargot-2-34,1.3696427887388216,0.5236758586872583
Zargot-2-34,1.7245499282832832,0.4281949410635464
Zargot-2-34,1.83025151818304,0.7277611123283912
Zargot-2-34,0.9264599410864274,0.5181936084306888
Zargot-2-34,4.8954731931804405,0.8084250832786545
Zargot-2-34,3.428411386863667,0.5429380275572251
Zargot-2-34,0.8506560966608259,0.6586003689635298
Zargot-2-34,3.6804503515556455,0.39000125148818743
Zargot-2-34,1.3358630710116548,0.7878698285946105
Zargot-2-34,2.3014811417941363,0.978370274791103
Zargot-2-34,2.126715925779176,0.5867637400736039
Zargot-2-34,0.5252599106750978,0.43071576501399145
Zargot-2-34,1.8698656188890261,0.5229600701576791
Zargot-2-34,2.0533376524835707,0.2103476833061031
Zargot-2-34,3.725147198781774,0.40859896657375017
Zargot-2-34,2.8154364043882416,0.5550611197430164
Zargot-2-34,2.502564347761549,1.0141693474016527
Zargot-2-34,4.40119532001544,0.42060147566884326
Zargot-2-34,NA,0.5498673177101441
Zargot-2-34,2.8009482566845025,1.0601457359691173
Zargot-2-34,2.300643703004324,0.42036691913911045
Zargot-2-34,1.710374190709667,0.6142475817660098
Zargot-2-34,1.6597234227395885,0.44264556982747794
Zargot-2-34,1.855063330774189,1.2401096877734266
Zargot-2-34,2.945305533858418,0.4606853699131356
Zargot-2-34,1.6154358793920458,0.6886237068669209
Zargot-2-34,3.1028656119370774,0.57527937833176
Zargot-2-34,1.4193785052828936,0.8529809158765742
Zargot-2-34,2.530763303718967,0.4408366379252313
Zargot-2-34,4.593204725993622,0.3914716519784689
Zargot-2-34,1.0261917858441114,NA
Zargot-2-34,6.339847073290993,0.48756538644781694
Zargot-2-34,1.0334327094521152,0.5881418865511856
Zargot-2-34,3.069486836596481,0.2978201193777741
Zargot-2-34,1.6962680977848246,0.21307843412573657
Zargot-2-34,1.0984108222035378,0.9853649839928088
Zargot-2-34,1.9090239503299233,0.36517756929426637
Zargot-2-34,4.082754898691087,0.7739775705037492
Zargot-2-34,3.4542351716382704,0.43641328048720784
Zargot-2-34,2.255552634997406,0.35978483099185127
Zargot-2-34,2.9744173110528145,0.797228586641504
Zargot-2-34,3.049050200186691,0.44797276899072586
Zargot-2-34,1.062972656830493,0.7886329666147501
Zargot-2-34,2.9944209577533,0.4722432519081595
Zargot-2-34,2.2544612322512547,0.5957066765770458
Zargot-2-34,1.4661713975036332,1.033485682758802
Zargot-2-34,2.7925604638382047,0.5995197793636423
Zargot-2-34,2.5000850996340134,0.7448768995957242
Zargot-2-34,0.7953527582984384,0.4396122536888663
Zargot-2-34,1.8612420986929583,0.8854117458029995
Zargot-2-34,1.4821792313496993,0.41359598049632795
Zargot-2-34,3.652930970580193,NA
Zargot-2-34,2.4173363676877866,0.9795073513329815
Zargot-2-34,2.4229525204992073,0.4964501230307111
Zargot-2-34,2.539296274934466,0.9500567342478524
Zargot-2-34,2.042507506722516,0.8555373881923036
Zargot-2-34,0.8249986956914069,0.5765915291213617
Zargot-2-34,1.1724381550672451,0.6746824391646609
Zargot-2-34,1.2791847396322682,0.6244548503502926
Zargot-2-34,2.8481838966275856,0.7009683625242511
Zargot-2-34,3.2733209562685683,0.5119525099610167
Zargot-2-34,1.740284177440539,0.7260489902370688
Zargot-2-34,1.1424119467808047,0.9360370750150337
Zargot-2-34,2.5617664273573175,0.7557334656034077
Zargot-2-34,1.0226365324493392,0.41697860207228765
Zargot-2-34,2.2235649195815506,0.29758536401177593
Zargot-2-34,1.0963337321152835,0.5333398107327534
Zargot-2-34,2.5812488174176274,0.6560524104647927
Zargot-2-34,0.7675326641496021,0.25672255229737057
Zargot-2-34,1.2643155419071626,0.5051371596326141
Zargot-2-34,2.706829120345443,0.4267611580508189
Zargot-2-34,2.1578635946950104,0.32458009779383235
Zargot-2-34,0.8365524368222282,0.3905100428939593
Zargot-2-34,NA,NA
Zargot-2-34,1.3359338231313143,0.9315824641504555
Zargot-2-34,6.562200488565138,NA
Zargot-2-34,2.520322866647881,0.8074265784002874
Zargot-2-34,3.4318187844985206,NA
Zargot-2-34,1.3771140607650156,0.7882918403146029
Zargot-2-34,0.9941918375861702,0.9874055812055642
Zargot-2-34,2.0422421172720613,0.5975683225786373
Zargot-2-34,1.9591981614053795,NA
Zargot-2-34,2.790203289403734,0.4466067592862442
Zargot-2-34,2.7990007573010263,0.3265296726759049
Zargot-2-34,1.554387742508049,0.787834314395536
Zargot-2-34,1.5432739398067266,0.27448715833081955
Zargot-2-34,3.609116514732142,0.9632307504339065
Zargot-2-34,2.2406783396591363,0.40230294858060356
Zargot-2-34,0.9480940732206052,0.4597115846342273
Zargot-2-34,2.3507674490103607,0.5852704847572096
Zargot-2-34,0.7924773256663371,0.7005459688084256
Zargot-2-34,1.3579124523518344,NA
Zargot-2-34,0.8303713836210476,0.6543963055853849
Zargot-2-34,1.3387354828864881,0.5941705266609394
Zargot-2-34,1.5336075320683005,0.40338837447603637
Zargot-2-34,2.227378274741547,0.5040729908959517
Zargot-2-34,1.9987314415402293,0.39818823386843727
Zargot-2-34,1.5637070654654697,0.28383677459081924
Zargot-2-34,2.4954018317022126,0.5884520677193839
Zargot-2-34,2.7158116605817826,1.1962838141842105
Zargot-2-34,4.628283053488259,0.26543078192646974
Zargot-2-34,2.0986978086316177,NA
Zargot-2-34,0.9368425959766864,0.7954499802811147
Zargot-2-34,2.0848302488686556,0.6513551591280125
Zargot-2-34,2.383684276648949,1.12535936992645
Zargot-2-34,1.353211572081476,0.7926563355806397
Zargot-2-34,1.6452805907910657,1.105251117043316
Zargot-2-34,1.4890288815416728,1.361680008731184
Zargot-2-34,1.1263225011632727,0.571596908568156
Zargot-2-34,1.9140801534539527,NA
Zargot-2-34,0.8077900846711791,0.3956026003690638
Zargot-2-34,2.929239324464223,0.3299376821625809
Zargot-2-34,4.844062699419684,0.2128842206436913
Zargot-2-34,1.291852648043801,NA
Zargot-2-34,1.9871976508091693,0.5817595786244789
Zargot-2-34,1.4844529702605334,1.0394298774807185
Zargot-2-34,1.5675611523419049,0.35202300005705706
Zargot-2-34,1.0270402444980318,0.5243277617520364
Zargot-2-34,2.194877586096049,0.3305132580422089
Zargot-2-34,1.0437468557728184,0.5220518286971054
Zargot-2-34,1.0881113390405934,0.4786290976287497
Zargot-2-34,5.19285226431458,0.7760815515262929
Zargot-2-34,1.3683453896920772,0.6643319117558011
Zargot-2-34,0.9731423105007038,0.36917630665882034
Zargot-2-34,1.5441816566100957,0.5605344781081585
Zargot-2-34,0.7450435745102133,0.37999831937164397
Zargot-2-34,1.0485391502509798,0.7278433730659143
Zargot-2-34,1.3447718114246006,0.7909205923521322
Zargot-2-34,2.8225938565313697,0.6917156699585034
Zargot-2-34,0.9163762379962226,0.38670457327001906
Zargot-2-34,4.499588434815026,0.509487139395506
Zargot-2-34,1.1720252152060169,0.6673237923434582
Zargot-2-34,3.8031023819489733,NA
Zargot-2-34,0.5791326700117093,0.48238249867550553
Zargot-2-34,3.4601913780437217,0.5101014668231393
Zargot-2-34,1.5879903162765752,0.9669814730900115
Zargot-2-34,0.8151247581989775,NA
Zargot-2-34,1.4306293059692512,1.1289216892922203
Zargot-2-34,2.0473071199508324,0.3536390083227064
Zargot-2-34,1.5905138189003083,0.621675606350368
Zargot-2-34,2.0538492041340644,NA
Zargot-2-34,4.505218141147769,NA
Zargot-2-34,1.6924069716022636,1.1875644692734013
Zargot-2-34,2.008005747728058,0.9210861441119367
Zargot-2-34,2.6387835886613016,0.9928318056219518
Zargot-2-34,2.1138613025980497,2.095354198778823
Zargot-2-34,0.8879848973648556,0.5876043898525725
Zargot-2-34,0.7880243772831782,0.4239290672709225
Zargot-2-34,1.4616527434710624,0.5523615007382204
Zargot-2-34,1.1835460981543517,0.5700270442115661
Zargot-2-34,1.3843237308662693,0.28229182683919674
Zargot-2-34,0.9339039070125456,0.28055730070152807
Zargot-2-34,2.0106750395743616,1.1923797365053377
Zargot-2-34,2.5038604683008896,1.0394100032089044
Zargot-2-34,2.897344395412643,0.3846390752528561
Zargot-2-34,3.012493926190225,1.2950732768554407
Zargot-2-34,2.783029295516306,0.43175794798516687
Zargot-2-34,2.5181500382406776,0.49095170443800346
Zargot-2-34,0.8816335400088534,NA
Zargot-2-34,3.082261635665359,0.5287991055196719
Zargot-2-34,2.783439169515543,0.9724480821980627
Zargot-2-34,3.997911528373673,1.5114796993181416
Zargot-2-556,0.8894561168236751,0.8525066704574392
Zargot-2-556,1.4432777104527146,0.2625583893471459
Zargot-2-556,1.4437867137946119,NA
Zargot-2-556,1.020109815904601,0.6568870584788017
Zargot-2-556,1.6341628853871815,1.0361429089884941
Zargot-2-556,0.7798662431410333,0.6927461058101199
Zargot-2-556,1.040562030089773,0.6382401318526096
Zargot-2-556,1.579375175055809,0.6339663873853091
Zargot-2-556,1.2009416010232312,0.4544336146537808
Zargot-2-556,1.313969444624444,0.798422923722089
Zargot-2-556,1.1698318411657385,1.1264935558446234
Zargot-2-556,1.0435165530644666,0.8392901551089029
Zargot-2-556,1.0567716222518149,0.46312642123001274
Zargot-2-556,1.4031558311967474,0.953999754414821
Zargot-2-556,1.4583202746893604,0.5852535939468119
Zargot-2-556,0.7209482551173086,0.6994467058300232
Zargot-2-556,0.8522924588098636,0.6215629391141977
Zargot-2-556,0.8556895648321845,0.493370453619545
Zargot-2-556,1.1474368688578567,0.6453375496010224
Zargot-2-556,1.3237744969947847,0.52749810685317855
Zargot-2-556,1.1399819016757065,1.09844682757971
Zargot-2-556,1.5149589635284468,0.5171506089914053
Zargot-2-556,1.9020722975326676,0.9514838931690526
Zargot-2-556,1.344739563145063,0.3613177670850091
Zargot-2-556,1.170479209682598,0.42682908894187066
Zargot-2-556,1.4276850539493946,0.8815502295909847
Zargot-2-556,1.1432912054516728,0.3900619655545055
Zargot-2-556,1.8973341992179487,1.0329613969023035
Zargot-2-556,1.2367226436585854,0.7030503302644401
Zargot-2-556,1.6917888950695439,0.8723656213125248
Zargot-2-556,0.9950872921318761,0.8517120758617668
Zargot-2-556,1.701916924435172,0.37066644811318394
Zargot-2-556,1.1622114124312777,0.5222907718218599
Zargot-2-556,1.57720748229548,0.6854949768555277
Zargot-2-556,1.2678401055906126,0.8916507821555162
Zargot-2-556,NA,NA
Zargot-2-556,0.8295862861424507,0.6783865969623358
Zargot-2-556,1.650874497295544,NA
Zargot-2-556,0.8491002676645037,0.6862800380822663
Zargot-2-556,1.3436439836866652,0.7289441669871914
Zargot-2-556,1.8517235185821816,0.8838977099236974
Zargot-2-556,1.1977949403356138,0.5712303186391111
Zargot-2-556,1.452159112795574,NA
Zargot-2-556,0.9235370749566799,0.477598391350855
Zargot-2-556,1.8589033176270588,1.14154228820154
Zargot-2-556,1.3879351614091946,0.9006157379282774
Zargot-2-556,1.3582298486041584,NA
Zargot-2-556,1.441635577343973,0.7718988822160007
Zargot-2-556,1.0797424770425679,0.7006370277913186
Zargot-2-556,1.5109081323457059,1.1296963296136138
Zargot-2-556,1.9838144305295273,NA
Zargot-2-556,1.5076925030214388,0.8168694269319043
Zargot-2-556,1.4332191470928153,NA
Zargot-2-556,0.9759638990735581,0.6243539426534281
Zargot-2-556,1.2147980086914263,0.7397208093193928
Zargot-2-556,1.3632298271956647,0.658296224838851
Zargot-2-556,0.6271420734677184,0.4011126555865922
Zargot-2-556,1.4833620995920707,0.7507944113861496
Zargot-2-556,NA,0.5750195294072525
Zargot-2-556,0.8608271617959277,0.5916049889900808
Zargot-2-556,1.1083280528386328,0.92632228009875
Zargot-2-556,1.0753320769982173,0.9340776779183424
Zargot-2-556,1.368900612324733,0.3639336542024832
Zargot-2-556,0.6017760374214949,NA
Zargot-2-556,1.1109055578415707,0.6859736048046987
Zargot-2-556,1.7158943371145148,0.773566615502095
Zargot-2-556,1.6355630932378937,0.8096721498793077
Zargot-2-556,1.5578234794047454,0.4251492615374339
Zargot-2-556,1.2954688762542446,NA
Zargot-2-556,1.362660825962015,1.022137654797117
Zargot-2-556,0.9488975189764345,0.7824309865364922
Zargot-2-556,0.9777762158273166,0.9540051156742471
Zargot-2-556,1.2894958273905923,0.7164406506495538
Zargot-2-556,1.308346252560909,0.43123391469748257
Zargot-2-556,1.519500749622285,1.4195477446346798
Zargot-2-556,1.3019851008342662,0.5388598981086808
Zargot-2-556,0.9864021369624107,0.5919532556203969
Zargot-2-556,1.1210415492006998,0.9125702875569519
Zargot-2-556,2.4867312525878695,1.1415710258094458
Zargot-2-556,1.1806063068286201,0.47852683398298534
Zargot-2-556,1.5950042841189296,0.6592308767319903
Zargot-2-556,1.2828154729042718,0.4754232673028232
Zargot-2-556,1.417812859638243,1.0405792616543053
Zargot-2-556,1.379067672406076,1.0087790089144297
Zargot-2-556,0.9146798407767976,0.5743558012207309
Zargot-2-556,1.4426378344224333,0.41005444153324483
Zargot-2-556,1.1108196419926837,0.3994957797564723
Zargot-2-556,1.7084456819977376,1.1399851722438514
Zargot-2-556,1.1048800104389604,0.7305375373749229
Zargot-2-556,1.4049844717138125,0.44923210186542845
Zargot-2-556,1.9519917549965344,0.4556256288044769
Zargot-2-556,NA,0.38612840078106714
Zargot-2-556,0.8782805758737334,0.2770267537681038
Zargot-2-556,1.2104490643383747,NA
Zargot-2-556,0.8231235271581955,0.6486250910707593
Zargot-2-556,0.9195944674151565,0.8501020929200485
Zargot-2-556,NA,0.34218318280713006
Zargot-2-556,1.7526288185078789,0.8709483354787141
Zargot-2-556,1.3780120103574194,NA
Zargot-2-556,0.6558734927107878,0.625347713219413
Zargot-2-556,1.156079172709494,1.1282369959747274
Zargot-2-556,1.132187335698218,0.6279306277645533
Zargot-2-556,2.3262260021936707,0.46177019156871835
Zargot-2-556,1.3937446847940675,0.7697826490423058
Zargot-2-556,1.7024850529683633,0.6344239427118263
Zargot-2-556,1.6514732963687744,0.5529363169858434
Zargot-2-556,1.3052607501087559,0.7397518775109765
Zargot-2-556,1.0938663149988277,0.4226091058699783
Zargot-2-556,1.700385339285887,NA
Zargot-2-556,1.1206499101119174,0.6764882046152672
Zargot-2-556,0.6583791140425411,0.6473221317561502
Zargot-2-556,1.9991745029812489,0.6683545313991367
Zargot-2-556,1.7905559226167773,1.2660430066140076
Zargot-2-556,0.8905705980143915,0.5374454025952508
Zargot-2-556,0.822776111651292,0.7152753649262727
Zargot-2-556,1.4048271211568681,0.48938948746842276
Zargot-2-556,2.3097187196880355,0.8809694602806535
Zargot-2-556,1.3212221931081,0.5423345122094267
Zargot-2-556,1.4105391050242018,0.3590524743777658
Zargot-2-556,0.9730675344378946,0.7711563680773739
Zargot-2-556,1.077540894367094,0.8580743896810201
Zargot-2-556,1.2506721574461213,0.6198007209282493
Zargot-2-556,1.3186361105837612,0.8314462929831167
Zargot-2-556,1.3879032736010963,0.8475036478249307
Zargot-2-556,1.5293438067524932,0.6742650037202581
Zargot-2-556,2.0385327146580816,0.830554034889512
Zargot-2-556,0.946208534014383,0.8569988925210628
Zargot-2-556,0.9460199975825129,0.6306267125039189
Zargot-2-556,0.8618482083223581,0.6281085055594268
Zargot-2-556,0.8194414728643954,0.576625005234667
Zargot-2-556,0.9420867319525341,0.4860390959875115
Zargot-2-556,0.6327049434026147,0.5856136336489008
Zargot-2-556,1.212976039984313,0.5895524429405529
Zargot-2-556,1.5085842044185753,1.1613112977754216
Zargot-2-556,1.623251240261725,1.0888888993071533
Zargot-2-556,1.291139865557871,0.7528491195034097
Zargot-2-556,0.7028289159321278,0.5807657884931323
Zargot-2-556,1.1510913482087521,0.7055399753368743
Zargot-2-556,1.1156688185935846,NA
Zargot-2-556,0.8776330238736858,0.7831204586524977
Zargot-2-556,1.4798298433249584,0.7698406623671931
Zargot-2-556,1.2946204149069704,0.8599944373104098
Zargot-2-556,1.0148367974161472,0.3819124833900074
Zargot-2-556,0.8818987334360846,0.7955740808415802
Zargot-2-556,0.8006268709739817,0.731953329895106
Zargot-2-556,0.8825742463250268,0.8395315406759911
Zargot-2-556,1.0657430935054444,0.9002324019539276
Zargot-2-556,1.162992827380742,0.7323818563202908
Zargot-2-556,1.5789908725219264,0.5415583289811997
Zargot-2-556,1.326605405780111,0.5009032308904395
Zargot-2-556,1.8896269053714354,0.559206048668456
Zargot-2-556,2.0308490383991256,1.0669365421728454
Zargot-2-556,1.0665127322166603,1.059397926322454
Zargot-2-556,1.1470008728774537,0.5765356912879143
Zargot-2-556,0.8689920174290428,0.7107247272148546
Zargot-2-556,1.4064340483368758,0.7902778710238906
Zargot-2-556,1.378105551955736,0.7483838785777115
Zargot-2-556,1.128737947985988,NA
Zargot-2-556,1.3842784553457192,1.2472288035810917
Zargot-2-556,1.1230294922075708,NA
Zargot-2-556,1.6766588226488706,0.6430290518528503
Zargot-2-556,1.724665311785624,0.4477611732654081
Zargot-2-556,1.0664006191284647,0.5064449874587365
Zargot-2-556,1.4178407526434593,0.5824065387255728
Zargot-2-556,1.6614370009742687,0.5977394716161112
Zargot-2-556,1.372563038212088,0.7191012971534851
Zargot-2-556,1.164627333826989,0.4631038965378903
Zargot-2-556,2.6863711820642733,0.5660864936499427
Zargot-2-556,0.7046224677286175,0.5444440194588706
Zargot-2-556,1.5553181319962315,0.773343105123198
Zargot-2-556,1.2870418649183124,0.9177029868262497
Zargot-2-556,1.0624004242397345,0.8248914926129429
Zargot-2-556,1.292187496028562,NA
Zargot-2-556,1.2651356171758434,0.48488115240719826
Zargot-2-556,1.4493689810165542,0.8100413187905158
Zargot-2-556,1.7965476489956784,0.8259485800265742
Zargot-2-556,1.1384036698815114,0.3782067019434502
Zargot-2-556,1.0098005390463136,0.4211509192623365
Zargot-2-556,1.3096928381515174,0.9945615140931301
Zargot-2-556,1.228003484623802,1.052114883957317
Zargot-2-556,1.1469347201921256,1.0622091368807745
Zargot-2-556,1.0842305216975605,0.9744201792217
Zargot-2-556,1.2336636051482122,0.8528879548093785
Zargot-2-556,0.8138754078225748,0.5714935327842401
Zargot-2-556,0.8914133906806706,0.8424299962497643
Zargot-2-556,1.603504650241679,NA
Zargot-2-556,1.002847147960447,NA
Zargot-2-556,1.2520090681543614,0.6011136229337627
Zargot-2-556,1.6344467864811925,1.1205205789011095
Zargot-2-556,0.9337549505535911,0.59192507148072
Zargot-2-556,1.644363571014639,0.6813887909715146
Zargot-2-556,1.245029927045838,0.5820299034549099
Zargot-2-556,1.4158772079268998,0.5386336009987267
Zargot-2-556,1.6799244838008593,1.1337578056749293
Zargot-2-556,1.249630606147578,0.8319279338647161
Zargot-2-556,1.2909272117534147,NA
Zargot-2-556,1.306564473430052,0.6106097626575351
Zargot-2-556,0.6647643493700666,0.4435023588793445
Zargot-2-556,1.5734243321475467,0.9646975194636728
Zargot-2-556,0.8533938902239181,0.5332618030228038
Zargot-2-556,0.8220792120116458,0.6969962492087363
Zargot-2-556,1.1121268192570006,0.48561836422147164
Zargot-2-556,0.9321464615786401,0.4866206256287385
Zargot-2-556,0.7140915422983666,0.5432715567906298
Zargot-2-556,1.2805094442092944,0.6232175181099654
Zargot-2-556,1.1732197576715515,0.8192720689976448
Zargot-2-556,1.8525125372762947,0.509565346773873
Zargot-2-556,1.1889277848120174,0.4951074121915889
Zargot-2-556,1.0327192287618858,0.7654110733106934
Zargot-2-556,1.3126002227100422,0.7501199223394834
Zargot-2-556,1.7076905069638808,0.5994024349834783
Zargot-2-556,1.388703908919804,0.8032588199755506
Zargot-2-556,0.8751777223649468,0.8706079841842298
Zargot-2-556,1.7767781262982485,0.671973144629114
Zargot-2-556,0.9478430950503821,0.7384155261667502
Zargot-2-556,1.3948682830070651,0.9452724030365124
Zargot-2-556,1.046512856567534,0.42086887611074486
Zargot-2-556,1.4298625347315184,0.6797730187197519
Zargot-2-556,0.8373943652373514,0.48120166837120076
Zargot-2-556,1.3400272511925582,0.9445968446841946
Zargot-2-556,1.0928728781098642,NA
Zargot-2-556,1.345338667289317,0.7998346411597562
Zargot-2-556,1.1864183745676036,0.7483207575842616
Zargot-2-556,1.198716233569835,0.7368004539749566
Zargot-2-556,1.7962416188469565,0.5793746401336778
Zargot-2-556,2.1392767546933555,0.500866942160487
Zargot-2-556,1.2655084732407644,0.711012993988719
Zargot-2-556,0.818859528101307,0.575359574959147
Zargot-2-556,1.2750066284138264,1.0799123727776614
Zargot-2-556,1.5220823552565612,0.6761102888052221
Zargot-2-556,0.7082500910454781,0.5842137736758214
Zargot-2-556,0.9813300390338972,0.3911335965333678
Zargot-2-556,0.9741511884683445,0.7815783999504121
Zargot-2-556,1.2712651033445668,NA
Zargot-2-556,0.9956023899378503,0.8640036217752689
Zargot-2-556,1.0191889343467169,0.7211554291618386
Zargot-2-556,1.4515819984557938,0.9273608161995656
Zargot-2-556,1.1603273263416378,0.8344389501417304
Zargot-2-556,0.9727791536178308,0.5246430211355884
Zargot-2-556,1.0945074007074285,0.7124365814530957
Zargot-2-556,0.7745216387189962,0.7709950011780297
Zargot-2-556,1.21186287404845,0.7088725576964159
Zargot-2-556,1.3302353652244088,0.6287825362664086
Zargot-2-556,0.9344602809614027,0.4446276265986436
Zargot-2-556,1.1386650346497724,0.34264960062077876
Zargot-2-556,1.934995912748298,0.6154654049922509
Zargot-2-556,1.2712086565684528,0.4627118229636351
Zargot-2-556,1.3929581592504205,1.277139545264513
Zargot-2-556,1.2319889459444882,0.8713760990955663
Zargot-2-556,1.0167769707351706,0.6261723423986075
Zargot-2-556,1.0601202052636705,0.856260232867384
Zargot-2-556,0.8428283368718149,NA
Zargot-2-556,1.352775437709282,0.6064864441848618
Zargot-2-556,1.4108298735285352,0.6606283989472637
Zargot-2-556,1.0260463115202088,0.8275376170395589
Zargot-2-556,1.013268058923169,0.5873915459648341
Zargot-2-556,0.8512207071569668,NA
Zargot-2-556,1.3114356505149505,0.5206525778854547
Zargot-2-556,1.79271568658187,0.6899174899333441
Zargot-2-556,2.08045600678725,0.6329755550283482
Zargot-2-556,1.2498385313061742,0.7814224674810357
Zargot-2-556,1.176876178258659,1.1310812575833062
Zargot-2-556,1.786695354673729,0.43158880083404677
Zargot-2-556,0.7686804079999885,0.7167317501801739
Zargot-2-556,1.5481126838943657,1.0271180374081952
Zargot-2-556,1.018351923880855,NA
Zargot-2-556,1.8083561881643184,0.45720886242882364
Zargot-2-556,2.0990800026336873,0.8428147391270326
Zargot-2-556,1.4283119701761742,0.6701817343946372
Zargot-2-556,0.8311461972976915,0.7334309588725988
Zargot-2-556,1.1804534424961737,0.8742330347256058
Zargot-2-556,1.3095412832793059,0.6159618791773006
Zargot-2-556,0.8836886112763,0.8421701113365178
Zargot-2-556,1.7438511088111808,0.6790421509420527
Zargot-2-556,1.237992847738633,0.8378771497555989
Zargot-2-556,0.7787963160666096,0.7560771522901845
Zargot-2-556,0.8403715986979157,0.6773699799827904
Zargot-2-556,0.7264026521117972,0.5879617560020124
Zargot-2-556,1.2052476227463722,NA
Zargot-2-556,0.8717775966752419,0.6836507792576592
Zargot-2-556,0.9743527731667966,0.8320271915623214
Zargot-2-556,1.3114045490521071,0.9858851329773807
Zargot-2-556,0.6537511933726902,0.4000236959414101
Zargot-2-556,1.711021357237862,0.8478404240173794
Zargot-2-556,1.2700191697890955,0.6096818442962422
Zargot-2-556,1.1015316944695248,0.6383474279011969
Zargot-2-556,1.4894626514281013,0.8364204531700279
Zargot-2-556,1.683026951398702,0.9054008439262368
Zargot-2-556,0.831192637410736,0.47986376053296614
Zargot-2-556,1.607662028116139,0.9919118723721582
Zargot-2-556,0.8238472415890786,0.5259255136126626
Zargot-2-556,1.7945068812651515,0.4346965773411105
Zargot-2-556,0.9980641036357528,0.8443544249980903
Zargot-2-556,1.4472116067190826,0.6799910851937727
Zargot-2-556,1.541702831725908,0.577368902567827
Zargot-2-556,1.0748148065999912,0.5924564771065133
Zargot-2-556,0.7638252308285571,0.6304146178401278
Zargot-2-556,1.0337625920708082,0.5903819180819255
Zargot-2-556,1.252868382643968,0.7076053894036101
Zargot-2-556,1.5791839903277898,1.03922290224684
Zargot-2-556,0.9813365156990989,0.795992486667615
Zargot-2-556,1.242116373230905,1.0224644951782678
Zargot-2-556,1.3610956982875746,NA
Zargot-2-556,0.9593941080758643,0.4864827569574866
Zargot-2-556,0.5586531884289077,0.5102598058727849
Zargot-2-556,1.226804751307864,0.7783316832703151
Zargot-2-556,1.422764285805817,0.9456526253310809
Zargot-2-556,1.217861717376105,0.6109153245418338
Zargot-2-556,1.1148899701070358,0.18515626990661152
Zargot-2-556,1.4150144234791555,NA
Zargot-2-556,1.6313859571862355,0.6758849753541155
Zargot-2-556,1.2837172062176372,0.7815156894544413
Zargot-2-556,1.3909946981192771,NA
Zargot-2-556,1.6584137494706475,NA
Zargot-2-556,1.5098421854808681,0.4240757518771018
Zargot-2-556,1.5247326598247346,0.5378979721299985
Zargot-2-556,1.5967440636259767,0.36470421326485036
Zargot-2-556,1.2830268909145424,0.4767620012834236
Zargot-2-556,1.0638021521087064,NA
Zargot-2-556,1.9714521850694775,0.6994345206711449
Zargot-2-556,1.8489538664917953,0.7003334590997635
Zargot-2-556,0.8098600522415793,0.7995124160613224
Zargot-2-556,1.0231593813405986,0.517091299302786
Zargot-2-556,0.8235216957143744,0.7301954304316607
Zargot-2-556,0.8734370801090675,0.8423254144695902
Zargot-2-556,1.4554785968377408,0.949940135138815
Zargot-2-556,1.7491321616194453,1.1018115148013405
Zargot-2-556,1.4234949294233288,0.43636936795632564
Zargot-2-556,1.669163983119453,1.3909290724480992
Zargot-2-556,0.9902134160323351,0.5016625306716604
Zargot-2-556,2.131147380270589,0.6731237986558836
Zargot-2-556,0.923344757110411,0.531286810208776
Zargot-2-556,1.1958069064123995,0.7506956026369518
Zargot-2-556,1.414528403527869,0.4934380622252498
Zargot-2-556,0.9876367013488476,0.8377492901218888
Zargot-2-556,1.1304503769477137,0.5312103421126094
Zargot-2-556,0.8832641862576378,0.6756839028524662
Zargot-2-556,1.5902696804606822,0.8990541796844741
Zargot-2-556,1.0371186456039578,NA
Zargot-2-556,1.618440876961273,0.8099583479240293
Zargot-2-556,1.161299516903626,0.723215664357733
Zargot-2-556,0.8181066106571564,0.740877102558535
Zargot-2-556,1.1607378485666109,0.6332800800760323
Zargot-2-556,0.622198822797254,0.5818647313684308
Zargot-2-556,1.359299397591822,0.7775810186472727
Zargot-2-556,0.8967919394070236,NA
Zargot-2-556,0.863336781338913,0.3934980846432931
Zargot-2-556,1.008832670575377,0.37733060017120684
Zargot-2-556,1.4703796438274752,0.8595429780119348
Zargot-2-556,1.3158363072445511,0.7501525293234358
Zargot-2-556,1.4823569474724538,NA
Zargot-2-556,1.37688894920075,NA
Zargot-2-556,0.8520674836884977,0.7706911465307837
Zargot-2-556,0.8309916163166268,0.7780196363654808
Zargot-2-556,0.6464320436776646,0.48236747626448384
Zargot-2-556,0.6728185099632688,0.6566249336477461
Zargot-2-556,1.860029817615177,1.1969675508747721
Zargot-2-556,0.699179586629293,0.6005009687286846
Zargot-2-556,1.8741291867267516,0.6097724849062914
Zargot-2-556,0.9816217317462048,0.4245167703254054
Zargot-2-556,1.6870044681014793,0.6461602864404564
Zargot-2-556,1.1368217733929606,0.6690092516778545
Zargot-2-556,1.6899252212913587,1.042408647305852
Zargot-2-556,2.2070121088609054,0.9704439144528189
Zargot-2-556,0.6222891301358052,0.6024385366613896
Zargot-2-556,0.970177739902098,0.8529337899777142
Zargot-2-556,0.8559053995198148,0.5980749355676899
Zargot-2-556,0.9950985930700319,0.8004138665641158
Zargot-2-556,1.5298970724043386,1.094072290328332
Zargot-2-556,1.087045776313361,0.45528420057178476
Zargot-2-556,0.930902982245394,0.6462558151011972
Zargot-2-556,1.0523948739050795,0.4460215286730601
Zargot-2-556,1.0910883629556507,0.9864907037426721
Zargot-2-556,1.2644832191015603,0.9221556878544869
Zargot-2-556,1.5671617490788368,0.7382196007278271
Zargot-2-556,1.0297609836036385,0.7117305399579408
Zargot-2-556,1.2327962088024396,0.5771847935264189
Zargot-2-556,1.0404957350924147,0.7295607890920948
Zargot-2-556,1.0828448320610564,0.45498695242712317
Zargot-2-556,1.2722194846015331,0.7683428213139304
Zargot-2-556,1.1884282608592855,NA
Zargot-2-556,1.2383940811519152,0.4649515931791606
Zargot-2-556,1.8783239811935304,0.6975225762059982
Zargot-2-556,1.0712320414847023,0.5575242906340793
Zargot-2-556,1.0508108897964223,0.9522053650942915
Zargot-2-556,1.3697170408552977,0.8637623816488598
Zargot-2-556,1.0122673953354306,0.7752992601969474
Zargot-2-556,1.2038496047983116,NA
Zargot-2-556,1.5986012080033074,0.32716937338646396
Zargot-2-556,1.101761480920016,0.6058023086338427
Zargot-2-556,1.2212339066144795,0.6711231329554338
Zargot-2-556,1.290212747574915,0.49039438802472474
Zargot-2-556,1.2648005576820103,0.6246840050694288
Zargot-2-556,1.520510989764753,0.6572670742694058
Zargot-2-556,1.0410679962055895,0.39279153465384087
Zargot-2-556,0.9294126109592484,0.5563851720764399
Zargot-2-556,1.5327399786826348,0.5917903395375791
Zargot-2-556,0.8007487856018981,NA
Zargot-2-556,1.3329679657320346,0.8646112245495138
Zargot-2-556,1.01924676794253,0.9619492597242902
Zargot-2-556,0.9289094273115255,0.809895609518674
Zargot-2-556,1.1853546191853805,0.9030533927390391
Zargot-2-556,0.9411648250759238,0.8763163685959909
Zargot-2-556,1.417967931459149,0.79553155973232
Zargot-2-556,1.6341730379179669,0.7367057994843115
Zargot-2-556,1.1214216445684155,1.0658620493990338
Zargot-2-556,0.8781208884911044,NA
Zargot-2-556,0.9822279654243778,0.69555576923543
Zargot-2-556,1.1677303954752651,0.5183712005402334
Zargot-2-556,1.1643657009239172,0.6505745739677246
Zargot-2-556,NA,NA
Zargot-2-556,1.185050874876586,0.5686714109920299
Zargot-2-556,0.8535544942400679,0.7227793309488073
Zargot-2-556,1.1817521439972216,0.6594537703801965
Zargot-2-556,0.7450377408476967,0.44866788864390217
Zargot-2-556,1.0508578237547164,0.6283301879398739
Zargot-2-556,0.8251692873580418,0.67461586245891
Zargot-2-556,1.4617953853122179,0.42948304234693846
Zargot-2-556,0.9354686774413524,0.675575908532295
Zargot-2-556,0.9609124408599191,0.9301982104825114
Zargot-2-556,1.2763605993451954,0.8099305597307782
Zargot-2-556,1.172354128214512,0.8955774748337715
Zargot-2-556,0.7989097302725087,0.5094723412590965
Zargot-2-556,1.3245366332108688,0.8228705456481156
Zargot-2-556,0.8406147539759726,0.5586375303825432
Zargot-2-556,0.9553142126862499,0.9234101669603014
Zargot-2-556,1.2385673481610051,0.4034848831304111
Zargot-2-556,1.1538134411464334,0.2595673365314162
Zargot-2-556,1.1753047234039393,0.6330570863736905
Zargot-2-556,1.8736442211381767,0.6615703346757587
Zargot-2-556,1.2529841873800238,0.7896588440549375
Zargot-2-556,1.31129784995619,0.57361593672569
Zargot-2-556,1.0161897639353645,0.5303345203477104
Zargot-2-556,1.3740648887900748,0.5363022889279443
Zargot-2-556,0.9128782253961752,0.7640357480222659
Zargot-2-556,1.854142216095897,0.8259327236360218
Zargot-2-556,0.9981300354180702,NA
Zargot-2-556,1.4765744944747443,0.5177255165547048
Zargot-2-556,0.8529882010402862,0.6100960291783415
Zargot-2-556,0.8202729882525249,0.7930406317431357
Zargot-2-556,1.215917684368769,0.40091427121015455
Zargot-2-556,1.4573041473230917,0.6280989471228345
Zargot-2-556,1.9089137024482352,0.8550185796711609
Zargot-2-556,1.561832333250796,0.8827575334751776
Zargot-2-556,0.7387487008660645,0.6602017524459138
Zargot-2-556,1.2478291937869963,NA
Zargot-2-556,1.6980791768801868,0.8703514622353201
Zargot-2-556,1.1659970027486493,0.9547147162155861
Zargot-2-556,1.2797047019024959,0.5483850092242551
Zargot-2-556,1.3200107274864779,0.7105562811526573
Zargot-2-556,0.8328793945259656,0.7005829466553731
Zargot-2-556,1.7634795564906747,0.40518944334008233
Zargot-2-556,1.3527871775404172,NA
Zargot-2-556,0.9176686845541131,0.6906494420613498
Zargot-2-556,1.4758181484106796,NA
Zargot-2-556,1.3069116944784653,0.4412801707339429
Zargot-2-556,1.0019848633845092,0.3960942320469248
Zargot-2-556,1.3475649208753195,1.0550729223936324
Zargot-2-556,1.9362811405699163,0.5694432047948422
Zargot-2-556,1.1218058422823416,0.9816996802526912
Zargot-2-556,1.1932967718043639,0.9707764073548285
Zargot-2-556,1.11647796265384,0.5458733221985181
Zargot-2-556,1.8282004247255201,1.29662347983991
Zargot-2-556,0.7629901399362122,0.5372692990813844
Zargot-2-556,0.8670114263024757,0.4419799219625263
Zargot-2-556,1.5762604507065194,0.4043941914288285
Zargot-2-556,0.6975234045551041,0.4134091685952784
Zargot-2-556,1.1443448395940568,1.1409494047813038
Zargot-2-556,0.800169154566925,0.536992388585147
Zargot-2-556,0.8446196635865159,0.5614174671811502
Zargot-2-556,1.2199684429772502,0.5446576808661471
Zargot-2-556,2.0436566564454224,0.5421029439854885
Zargot-2-556,1.1884423188622364,0.6258630488153216
Zargot-2-556,1.0143632324839038,0.6004997484009013
Zargot-2-556,1.5541650156183324,0.7657121152133379
Zargot-2-556,1.0546084024935365,0.8644735501124192
Zargot-2-556,0.7755424812165378,0.5941083230205825
Zargot-2-556,0.9864070362634125,0.7745494338137056
Zargot-2-556,1.206873476311821,0.5577364939378916
Zargot-2-556,1.1326901001576766,0.5600343718385841
Zargot-2-556,1.0087145387099963,NA
Zargot-2-556,1.3944428109772145,1.0121557885979622
Zargot-2-556,1.6802184723348101,1.4013412965467966
Zargot-2-556,1.1866219846942938,0.8384907258319103
Zargot-2-556,1.907279297641848,0.6515008923371637
Zargot-2-556,1.106745798297833,0.6471434658682184
Zargot-2-556,1.2769070926348154,0.6922191749994725
Zargot-2-556,1.60454080834897,0.736966641594758
Zargot-2-556,1.666891645147336,0.6302825631112573
Zargot-2-556,0.8797655358477823,0.5212125324574287
Zargot-2-556,1.5605724557783311,0.46619416648694584
Zargot-2-556,1.225108114154778,0.8629322734588977
Zargot-2-556,1.3691679872826394,0.7623476276025618
Zargot-2-556,1.2698547819660702,0.3706844009154067
Zargot-2-556,0.7686055509358382,0.5445024212234068
Zargot-2-556,0.9268948022653558,0.8154909922823751
Zargot-2-556,1.1954109702793787,0.5020783872526645
Zargot-2-556,1.0239888519767886,0.5076621331932384
Zargot-2-556,1.4794442997156956,0.77961724367437
Zargot-2-556,1.7880273155037518,0.6808270278116404
Zargot-2-859,1.6947242961357056,0.9473335389098714
Zargot-2-859,1.2866907771389282,1.0193518758670068
Zargot-2-859,1.6420003129470804,0.884752561093225
Zargot-2-859,1.6885950314469362,0.5959827566457404
Zargot-2-859,2.2460632622001184,0.8524374207309903
Zargot-2-859,1.624316684174573,0.9066982222891626
Zargot-2-859,1.940752331499937,0.8379943428524981
Zargot-2-859,1.9928297000748465,0.9117680401689991
Zargot-2-859,2.1119300627050754,0.9780488360975161
Zargot-2-859,1.2840499602480622,0.6042893104704954
Zargot-2-859,2.128137874249019,1.0023306609996303
Zargot-2-859,2.331194243624737,1.2944559392776733
Zargot-2-859,2.4879617772594127,NA
Zargot-2-859,2.261101289217222,0.8938311085602566
Zargot-2-859,2.8402537620648745,1.5770161108621905
Zargot-2-859,1.7083713008887604,1.3652545421130182
Zargot-2-859,1.914306027006086,0.8539941190478683
Zargot-2-859,NA,NA
Zargot-2-859,1.3075284370670708,0.5945079823221082
Zargot-2-859,NA,0.8173895136049298
Zargot-2-859,2.2559842839148034,1.2253981584597522
Zargot-2-859,2.4220081211176954,1.325894229969541
Zargot-2-859,1.9044948100418262,1.071017748334402
Zargot-2-859,2.103687955968498,0.885256556547258
Zargot-2-859,1.7895735815334228,0.78677037252047
Zargot-2-859,1.5504631155857358,0.9613553085563127
Zargot-2-859,2.797945535626042,0.9636571121038854
Zargot-2-859,2.074976776195273,1.1612749372802076
Zargot-2-859,2.1344835453471176,NA
Zargot-2-859,2.15501039216717,0.8407215290961831
Zargot-2-859,2.2780736768280945,0.9389597350217838
Zargot-2-859,2.7554631524038804,0.751720407554744
Zargot-2-859,1.519822861910569,0.8534193022849819
Zargot-2-859,2.086391876065937,1.3142587093152782
Zargot-2-859,2.085460199157617,0.9906370334805376
Zargot-2-859,1.731729476277198,0.7775242134056484
Zargot-2-859,2.079983646358007,1.393466015978814
Zargot-2-859,2.1375243375588564,0.9430201145281063
Zargot-2-859,2.2932100071036223,1.1333470426680614
Zargot-2-859,2.1580654030536706,1.123392222643423
Zargot-2-859,1.9120928084655373,1.0590025329290271
Zargot-2-859,2.4406130766206875,1.473843602525553
Zargot-2-859,1.79525480809472,1.4164875333021805
Zargot-2-859,1.4799444035131935,NA
Zargot-2-859,2.1895457208837104,1.1055410965708388
Zargot-2-859,3.462309306894605,0.6731595797386681
Zargot-2-859,NA,0.8652517664250166
Zargot-2-859,1.039776487616363,0.9769972143141417
Zargot-2-859,2.132221366442299,1.236088194338862
Zargot-2-859,2.0052864042289653,0.5823389331820596
Zargot-2-859,2.0198828024554416,NA
Zargot-2-859,2.080851574024869,0.9950795776773549
Zargot-2-859,1.9161366865652454,NA
Zargot-2-859,2.5026333526358804,0.9680295195643546
Zargot-2-859,1.701709309842502,1.2083669162083053
Zargot-2-859,1.3291264625211445,0.9312694626285781
Zargot-2-859,2.1162511471994794,0.7785187741257424
Zargot-2-859,2.262211200323637,0.8783100767307929
Zargot-2-859,2.528086422938115,0.8588983263165016
Zargot-2-859,2.1200140170807837,1.3094218432301554
Zargot-2-859,2.547399299407871,1.1533445232058457
Zargot-2-859,3.1284232343353,0.9410511326842009
Zargot-2-859,1.4640602702024275,0.8569808225246475
Zargot-2-859,1.975705575878092,0.7254717384226542
Zargot-2-859,1.9525846423362794,1.1590484031427886
Zargot-2-859,1.8272820409875625,0.9660609406852837
Zargot-2-859,1.7825494509580624,0.9749635512875939
Zargot-2-859,1.6409979179074388,0.9198315864891017
Zargot-2-859,2.015484086484897,1.0660797019295747
Zargot-2-859,2.1349552611621365,1.3174615999504187
Zargot-2-859,2.417723368921897,0.8608299294730938
Zargot-2-859,1.4167726372398555,0.83154452868337
Zargot-2-859,1.331817540244383,0.8971780294684921
Zargot-2-859,2.425200952065744,1.2436982984397666
Zargot-2-859,1.6461920916940755,1.4300826603030052
Zargot-2-859,3.119933794787654,0.8338016807784897
Zargot-2-859,2.287386886253877,1.1578835778551784
Zargot-2-859,2.507922016572237,1.3099037717961168
Zargot-2-859,2.0564152420896753,0.9157543815572565
Zargot-2-859,2.5792185832270684,0.6524514971642238
Zargot-2-859,2.6111562137097923,1.164733323154423
Zargot-2-859,NA,1.099828417926125
Zargot-2-859,1.655607046424811,0.9671760795618944
Zargot-2-859,1.8338313646870654,0.9647548041868812
Zargot-2-859,1.603140664664113,1.140802744134405
Zargot-2-859,2.037556757346862,1.2951934761554003
Zargot-2-859,1.6546026929933602,1.038416594006638
Zargot-2-859,1.1905555976255489,0.8022958232254667
Zargot-2-859,1.7887613509096305,1.1170297502829452
Zargot-2-859,2.1506777035621805,0.8701171306339184
Zargot-2-859,2.3493047751726825,1.162004843671236
Zargot-2-859,2.5515328756888263,1.2073197072261603
Zargot-2-859,2.5502423287766955,0.9225062162132958
Zargot-2-859,2.106890656323262,NA
Zargot-2-859,1.8928645077955968,1.0345665650924525
Zargot-2-859,1.81781081660681,1.4254297233955822
Zargot-2-859,2.002807000920465,0.7596020428335266
Zargot-2-859,1.6584999735760537,0.9682330657072247
Zargot-2-859,2.547120185339982,0.9026516532818019
Zargot-2-859,1.9996661048257458,1.2765502336509638
Zargot-2-859,1.4794461930846745,NA
Zargot-2-859,2.608402912793702,0.9205182044636026
Zargot-2-859,1.8816035759188083,0.8108248159594318
Zargot-2-859,1.6992593802262441,0.9367605527716087
Zargot-2-859,1.7743754709191077,0.7909996441159891
Zargot-2-859,1.6998961080685184,NA
Zargot-2-859,1.6155231612534255,1.3865205469825375
Zargot-2-859,2.0678387732988766,1.0200173883366448
Zargot-2-859,2.6891247097759026,0.6922393382201498
Zargot-2-859,1.258090381074634,0.9553482402804132
Zargot-2-859,1.9670716028440598,0.6946329308292026
Zargot-2-859,2.3957217136415254,1.1781317348410798
Zargot-2-859,1.8490764945070912,1.1587427351453592
Zargot-2-859,2.5118314148324834,0.8504273424152027
Zargot-2-859,2.716727282961238,1.4617910449552853
Zargot-2-859,1.7149653556612503,0.9168760247378664
Zargot-2-859,1.6893620607618987,1.0833408222249197
Zargot-2-859,1.9941784216491918,1.5752492813563947
Zargot-2-859,1.1418300705180473,1.068830450635527
Zargot-2-859,2.2722407591220954,1.504964523714242
Zargot-2-859,1.4833193953980863,1.474971082395068
Zargot-2-859,2.3857940410167933,0.8730169830014264
Zargot-2-859,1.7941529027477623,0.910904767202583
Zargot-2-859,1.7196372524629755,1.2939796284701863
Zargot-2-859,1.502182064878079,1.4837003806180462
Zargot-2-859,1.3096965691732954,1.0158835453979014
Zargot-2-859,1.5533178767637668,1.0006351669329063
Zargot-2-859,2.33059945841846,1.4224254110689056
Zargot-2-859,2.0164294604919646,0.8445894607803732
Zargot-2-859,1.678011736236459,NA
Zargot-2-859,2.2591879681869123,0.9851019950146981
Zargot-2-859,2.003184673150165,1.4413744475399892
Zargot-2-859,1.8424094206457757,1.0096079936798599
Zargot-2-859,1.8921826371124428,0.930025454169292
Zargot-2-859,1.3913342027088664,NA
Zargot-2-859,1.5209691700852235,0.49437741582258027
Zargot-2-859,1.6535548334435761,0.8567064382678901
Zargot-2-859,1.7494474356906027,0.9984034465361022
Zargot-2-859,1.4199851881558403,0.9580904752122236
Zargot-2-859,2.2192858079777746,0.8800041190300846
Zargot-2-859,2.0968845316310634,0.49282780909500457
Zargot-2-859,2.3583194987975733,0.7404022802321727
Zargot-2-859,2.2838503401601105,1.117396183391997
Zargot-2-859,1.583560893081362,0.884264874068855
Zargot-2-859,3.306880208166726,1.1066733883171274
Zargot-2-859,2.4978013169059605,NA
Zargot-2-859,2.352461218134621,1.2340058557687348
Zargot-2-859,1.9935385621649164,1.201810875155977
Zargot-2-859,1.7640392636814486,0.8543206274102215
Zargot-2-859,2.1387209087490255,1.1579872476375492
Zargot-2-859,1.8383112186535724,0.8966238304882508
Zargot-2-859,1.8628290938649912,1.7064411647107176
Zargot-2-859,2.070590541349451,0.6660138040043129
Zargot-2-859,2.8347298156603133,1.1141915372344111
Zargot-2-859,1.7454214676208164,0.9513307596127776
Zargot-2-859,2.587153781891733,1.0090820273365162
Zargot-2-859,2.042330121035997,1.336088249891074
Zargot-2-859,1.190504746575291,1.1705822722476533
Zargot-2-859,1.866992095803227,0.7826362622183322
Zargot-2-859,2.417691275609728,0.6334401461130191
Zargot-2-859,2.6589431035243356,0.7119726256658712
Zargot-2-859,1.430255999879467,0.7739627933742061
Zargot-2-859,1.8649955521984787,1.2425453743234023
Zargot-2-859,2.8660124650880294,0.9033554131419799
Zargot-2-859,1.2535754164180686,1.1753152036551364
Zargot-2-859,2.110922974328096,0.762849295302623
Zargot-2-859,1.3645305478294971,1.261463480017877
Zargot-2-859,2.3954060853210684,0.7463148982457
Zargot-2-859,1.686102523617436,1.0963186504752849
Zargot-2-859,2.169355287465794,1.26507679926429
Zargot-2-859,1.965664146003849,0.8666463777749428
Zargot-2-859,2.065235543459731,0.9531593904504816
Zargot-2-859,1.5272848707545628,1.024608567121146
Zargot-2-859,1.7960383447371058,0.9916222819400634
Zargot-2-859,1.512518806029331,0.783845967525719
Zargot-2-859,1.6468373722446572,1.1870073712691616
Zargot-2-859,1.3491699702048665,0.8053837160896985
Zargot-2-859,1.8000212418153962,1.0783137757988739
Zargot-2-859,2.3021399826526023,1.309474123226077
Zargot-2-859,2.4026319546681267,NA
Zargot-2-859,1.9400922038997857,0.8756517890329847
Zargot-2-859,1.7391350451996948,1.0740871227975346
Zargot-2-859,1.988761110079323,NA
Zargot-2-859,1.8351546154126988,1.1299653791132849
Zargot-2-859,1.923249949217921,0.7522824198895162
Zargot-2-859,2.848368421050066,0.9331919696909932
Zargot-2-859,2.730518315719951,1.006623765185558
Zargot-2-859,2.469461082740473,0.535991437717082
Zargot-2-859,1.9646907123991975,0.8432277614356871
Zargot-2-859,2.39956051933721,0.6338119318024791
Zargot-2-859,4.129752248765395,1.1422012189509712
Zargot-2-859,1.6527000866220392,1.1053020910329738
Zargot-2-859,1.8141275518331128,NA
Zargot-2-859,2.3227725967820265,1.1581984339297358
Zargot-2-859,1.7753001134191226,0.6885575871480475
Zargot-2-859,3.6173037471525387,1.4504832597559854
Zargot-2-859,1.7206222876324742,1.1290764201355117
Zargot-2-859,1.8687991974535956,1.0287046872897765
Zargot-2-859,1.8756404530322492,0.6867235260124678
Zargot-2-859,2.2670989973144677,1.0892813848656826
Zargot-2-859,2.979326591259646,1.2746936380845009
Zargot-2-859,1.2138731133816085,1.1309567498736994
Zargot-2-859,2.3952385087639025,1.205109505615117
Zargot-2-859,2.3404231357503953,1.0644741100177837
Zargot-2-859,2.189910113962182,0.8680825979789701
Zargot-2-859,1.9983809620092978,0.9911098546079997
Zargot-2-859,1.7826966100483188,0.7630730203577218
Zargot-2-859,1.5691281298791098,1.1812224918915166
Zargot-2-859,1.5860761068348503,0.8552863573671639
Zargot-2-859,2.7903774190826796,1.0761284625742193
Zargot-2-859,1.5697084007306503,1.162970309305633
Zargot-2-859,1.7594472238138452,0.8818684418791993
Zargot-2-859,1.9723240331151453,1.0511365711181366
Zargot-2-859,1.3960991066897088,0.8916238557317403
Zargot-2-859,1.9842258012645146,0.9891769521147881
Zargot-2-859,2.1454769397680358,1.2119568847101236
Zargot-2-859,1.4562151352887012,0.8960241343108919
Zargot-2-859,2.1047074428232526,0.8607264092376108
Zargot-2-859,2.6647556803173007,NA
Zargot-2-859,1.7943043717830574,1.0436428360000327
Zargot-2-859,1.1211919095757341,0.9400404728842379
Zargot-2-859,1.611553202783117,0.8216927267850207
Zargot-2-859,1.613599892419185,1.1952301193574233
Zargot-2-859,2.118122367829574,1.3498353947503272
Zargot-2-859,2.1130237025971037,0.8212428462927792
Zargot-2-859,1.8214111488177949,NA
Zargot-2-859,1.7119292817817073,NA
Zargot-2-859,1.5438199659387228,1.4278152065000984
Zargot-2-859,1.7804395008141576,NA
Zargot-2-859,2.6836558126453127,0.6524784075054465
Zargot-2-859,1.4073036867599686,0.7911425717009504
Zargot-2-859,1.8837999467881965,0.9801368151017344
Zargot-2-859,1.8947058134520782,0.7787947771844557
Zargot-2-859,2.0563294968668577,1.612660092007316
Zargot-2-859,1.7482097074477396,1.010713365728374
Zargot-2-859,1.6624581165938452,1.5755384172311593
Zargot-2-859,1.6197438337295864,0.8848422536798509
Zargot-2-859,2.0019679129771877,0.9762964920265542
Zargot-2-859,2.2349527434200107,0.8773516101691045
Zargot-2-859,2.0062001706638384,0.7738084290556032
Zargot-2-859,2.106376472991561,1.1025045643539262
Zargot-2-859,2.1435903879051295,1.0147280024649155
Zargot-2-859,1.5836550778422531,1.1746202104208647
Zargot-2-859,1.5605597622563177,NA
Zargot-2-859,1.8933944440351487,1.0622132634761465
Zargot-2-859,1.5860410893933734,0.8365658791190786
Zargot-2-859,1.711477130372769,1.1619370299629945
Zargot-2-859,1.5938117509531253,0.9177804375257337
Zargot-2-859,2.1964545681369723,0.975131236963825
Zargot-2-859,2.2952634503913543,1.397960315771633
Zargot-2-859,2.2744693661092357,0.824892240037611
Zargot-2-859,2.8502419330754516,1.0810597395284323
Zargot-2-859,2.037730822781725,1.1950841837865782
Zargot-2-859,NA,NA
Zargot-2-859,1.8811419516380938,0.8436517401978292
Zargot-2-859,1.9248477501687349,NA
Zargot-2-859,1.0464087633770562,NA
Zargot-2-859,1.795892022416399,0.8330774723479483
Zargot-2-859,1.97197520618589,0.9688836841675498
Zargot-2-859,3.297611376635939,1.0046658618583582
Zargot-2-859,1.9611542475736436,0.7700696976700853
Zargot-2-859,1.8180583366941048,1.1488446405370525
Zargot-2-859,1.4329368330357903,0.7634207347306836
Zargot-2-859,2.3470981043220305,1.068079693259328
Zargot-2-859,1.6610259511999457,1.4735183329310093
Zargot-2-859,2.3015863419865163,1.090329031878456
Zargot-2-859,1.8637057469374794,1.0948800195299937
Zargot-2-859,2.246257085931851,NA
Zargot-2-859,1.9477573159261448,0.875679153768169
Zargot-2-859,1.834125201559919,1.3145430565162808
Zargot-2-859,1.9175794939012398,1.182088571557901
Zargot-2-859,1.5256911823824595,0.9933154340417523
Zargot-2-859,1.5548643453928352,1.0978115778770894
Zargot-2-859,2.1345373396764473,0.7603401780378419
Zargot-2-859,1.749127950037448,1.0787506400076594
Zargot-2-859,1.1237412260509438,0.9423496542914693
Zargot-2-859,1.7393184440126295,0.9694494347517802
Zargot-2-859,1.842615820213778,1.0002334355536033
Zargot-2-859,1.856402689567462,1.034853980085299
Zargot-2-859,2.4466629865793488,1.104540453900011
Zargot-2-859,1.8231356124559364,0.6594041520559023
Zargot-2-859,1.7279589800797603,0.9001639411413539
Zargot-2-859,1.8393433495990086,1.1640429961714809
Zargot-2-859,1.863168429088384,NA
Zargot-2-859,2.0701943425230573,1.4364803443010319
Zargot-2-859,2.9026128640896154,0.8946650627803477
Zargot-2-859,2.024893479174511,0.5766667957814436
Zargot-2-859,1.8085918538663994,0.5819990020734994
Zargot-2-859,1.2885983229998552,0.7188085787175468
Zargot-2-859,1.8840576797097375,0.8334782952314737
Zargot-2-859,2.0315904341290105,NA
Zargot-2-859,1.845627497594422,0.5735429454358966
Zargot-2-859,2.217442629650355,0.8628087059374782
Zargot-2-859,2.3296669443115032,1.449902144246648
Zargot-2-859,3.036489884073207,0.9601738247684246
Zargot-2-859,1.5687200969662087,1.1546050210976273
Zargot-2-859,2.255473908634032,0.9876457043867154
Zargot-2-859,2.3385780530570757,0.9553912783371656
Zargot-2-859,2.0415147066506676,0.8156864904906593
Zargot-2-859,1.701784605766931,1.2832117563897856
Zargot-2-859,1.6171716388397197,0.6740808304751683
Zargot-2-859,2.3863749644453205,1.7855932669716106
Zargot-2-859,1.4141688269438049,1.151065880438659
Zargot-2-859,1.7333302186076514,0.8088828589209591
Zargot-2-859,2.303531235819349,0.46972723747960404
Zargot-2-859,1.9598890209819342,1.0568183318302975
Zargot-2-859,1.899233234952552,1.2189769217395896
Zargot-2-859,2.1133550433234816,0.9843579622521492
Zargot-2-859,2.684223968181085,1.0049124986819773
Zargot-2-859,2.5641690263689343,1.010801024194342
Zargot-2-859,2.1128590244769754,1.1271519453924008
Zargot-2-859,1.5559005497974239,0.8527681751344551
Zargot-2-859,2.8025231402099458,0.8686176212207894
Zargot-2-859,1.9607583879554256,0.9777125951703868
Zargot-2-859,2.154005583160029,0.9261788929415469
Zargot-2-859,1.5066921895267393,1.2081793645561874
Zargot-2-859,1.158965104240498,0.9864232227727942
Zargot-2-859,1.932587249851493,1.1253193994367192
Zargot-2-859,2.2636449169385893,1.2922602198833528
Zargot-2-859,2.7422822055167364,NA
Zargot-2-859,1.6623322837087877,1.1831873877505599
Zargot-2-859,2.0587175515261187,NA
Zargot-2-859,2.4774711733794517,0.6423316328741713
Zargot-2-859,2.2023197682839015,0.8080472064961125
Zargot-2-859,2.148818116323416,0.9087215023149909
Zargot-2-859,1.9127851032410392,1.515156355614126
Zargot-2-859,2.6844052614874476,1.2139270842632721
Zargot-2-859,2.072082413608731,1.1123045904870776
Zargot-2-859,1.344542891038686,0.8822272256801181
Zargot-2-859,2.4794715306431896,NA
Zargot-2-859,1.7457366424414091,NA
Zargot-2-859,2.575592337089589,0.5972387218879399
Zargot-2-859,2.0663369205891033,1.2558714215913633
Zargot-2-859,2.3104658498725765,0.6674787338085103
Zargot-2-859,1.9752290713648095,1.1316258431131865
Zargot-2-859,1.690033471870442,0.9454405230955054
Zargot-2-859,2.3371203022707965,0.658761044810955
Zargot-2-859,1.9963525631625256,0.9428537300534456
Zargot-2-859,2.377969044852238,1.1569688060493168
Zargot-2-859,1.9675573574648757,1.027090921664327
Zargot-2-859,3.13555545275941,0.9972537128142461
Zargot-2-859,2.5446660001565804,0.925443492576266
Zargot-2-859,1.744658639788742,1.1114596173430267
Zargot-2-859,3.1497073790970513,0.9977532553770742
Zargot-2-859,1.8185676234284387,0.7489402392337764
Zargot-2-859,1.9546128890582821,1.1013625333316706
Zargot-2-859,2.0600261524178,0.7576102467820647
Zargot-2-859,1.4048363981989693,0.5467252132283882
Zargot-2-859,1.8883723672851147,0.9930272563815636
Zargot-2-859,1.9286809441861856,1.0016494530673001
Zargot-2-859,3.1004526799429013,NA
Zargot-2-859,1.7468129807680872,1.3751406562841793
Zargot-2-859,1.7373855381634034,NA
Zargot-2-859,1.636536479682317,1.1184458226749434
Zargot-2-859,2.205981886042102,0.7838156307898805
Zargot-2-859,2.1235743590033893,1.0251528264648575
Zargot-2-859,1.7795513527141766,1.0840322238093947
Zargot-2-859,2.177398262288133,1.0339868870736113
Zargot-2-859,2.357773286033155,0.7711969875774938
Zargot-2-859,1.8376883793417271,1.2167703985310783
Zargot-2-859,1.9773726953134962,1.1282700501103304
Zargot-2-859,2.382685022217341,1.6120087503182792
Zargot-2-859,2.529545787827285,1.1106650874148158
Zargot-2-859,1.6080730892540913,0.7058741502945319
Zargot-2-859,2.116245588632115,1.171074714002458
Zargot-2-859,0.9947903220473404,0.8625028043913862
Zargot-2-859,2.1105912379582192,0.937640776773854
Zargot-2-859,1.8329095136373459,1.0105418392783405
Zargot-2-859,2.1957320681540344,0.8185173839689119
Zargot-2-859,1.8284561480404176,0.8370807454961708
Zargot-2-859,2.50588937062844,1.262503201379162
Zargot-2-859,2.0279336114204236,NA
Zargot-2-859,1.5083457055797105,0.8296814084866745
Zargot-2-859,1.8110834685456205,1.129946355402075
Zargot-2-859,1.68245239076541,0.7185884126670813
Zargot-2-859,2.307099451006715,0.9693081519983917
Zargot-2-859,2.5266239096583316,NA
Zargot-2-859,2.1799065839001366,1.1374630064434355
Zargot-2-859,2.046146561398621,0.8166034925675018
Zargot-2-859,2.0437819073133774,0.8495164160913705
Zargot-2-859,2.524633109358309,1.00878717487582
Zargot-2-859,1.475137972555312,0.8158008040881278
Zargot-2-859,2.5826159559215895,NA
Zargot-2-859,1.6132332385565906,1.1708136935341116
Zargot-2-859,2.5408130756916707,0.8155227518352011
Zargot-2-859,1.2285079733305233,1.0545109027296167
Zargot-2-859,2.1194160088199383,NA
Zargot-2-859,2.5472730216510544,0.8301435899840608
Zargot-2-859,2.7837088728400006,1.0382679062365627
Zargot-2-859,1.6953730981475197,0.7233085501177294
Zargot-2-859,3.135676898571023,1.0781301761806101
Zargot-2-859,1.9811000335188762,0.9362346194647228
Zargot-2-859,1.685882247751871,0.9729280866318043
Zargot-2-859,1.6048588402289767,0.7762632262878069
Zargot-2-859,1.6754256374717587,NA
Zargot-2-859,1.3708923909820685,1.2905853556913964
Zargot-2-859,2.6828592777667093,1.0725564971456978
Zargot-2-859,1.6107340775459833,1.057224963389301
Zargot-2-859,1.3041803517795183,0.810145834043378
Zargot-2-859,1.9008534626458748,1.0021618795528773
Zargot-2-859,2.0262400287370377,NA
Zargot-2-859,1.926082154110172,1.0428674865468717
Zargot-2-859,1.5283691963845312,1.0454414060146726
Zargot-2-859,2.561106830981357,1.041560120068929
Zargot-2-859,NA,1.1355165585299625
Zargot-2-859,2.6520631897453373,1.2072140208123732
Zargot-2-859,1.3232103054825473,1.1087362271831036
Zargot-2-859,2.4077386065803292,1.0483259349115273
Zargot-2-859,2.08792861201152,NA
Zargot-2-859,2.381168296012921,0.9833420822330539
Zargot-2-859,2.319277300832705,NA
Zargot-2-859,1.5193455828711242,1.3687087631108645
Zargot-2-859,2.497216589247493,0.8363856550671305
Zargot-2-859,1.8286204754477244,1.2427223320935261
Zargot-2-859,1.672417378233914,1.015370342431235
Zargot-2-859,2.254541667758831,1.309164381526759
Zargot-2-859,1.7352361535263272,1.0944878638091442
Zargot-2-859,2.286854832925524,0.9838602420021183
Zargot-2-859,2.03000251611526,0.506179462604341
Zargot-2-859,1.2841313375189207,0.6859814152168293
Zargot-2-859,NA,0.9075332377656024
Zargot-2-859,2.5180364437078993,0.8557749138829949
Zargot-2-859,1.3288244896255763,0.6342142977127669
Zargot-2-859,1.9886743051674203,0.9051329693293741
Zargot-2-859,1.8328381951960928,0.808174545425335
Zargot-2-859,1.880321077318791,1.1046146015674039
Zargot-2-859,2.7320527094131766,NA
Zargot-2-859,2.784455907531933,0.9116586101383715
Zargot-2-859,2.016807089601344,0.6851275419665063
Zargot-2-859,2.2206115411962415,NA
Zargot-2-859,2.1166715662481344,1.4711049876839093
Zargot-2-859,2.0226380027827537,1.0836829705125564
Zargot-2-859,2.242372291968641,0.8293809869769518
Zargot-2-859,2.4334811243715535,1.437010290061889
Zargot-2-859,1.3206629199003315,NA
Zargot-2-859,1.6399123400845064,0.7969402759308086
Zargot-2-859,2.3275785581800217,1.191573820344792
Zargot-2-859,2.1217322187373546,1.1962125854133523
Zargot-2-859,2.6900061233971915,0.7878798347796212
Zargot-2-859,2.0801881382435954,0.9744072548143612
Zargot-2-859,1.9905197211224839,1.1521805991517156
Zargot-2-859,2.4685171914682758,0.759338792886298
Zargot-2-859,2.752386375765895,NA
Zargot-2-859,1.323477665538011,1.231544222638345
Zargot-2-859,1.8537215120947015,1.043090984322601
Zargot-2-859,1.9779848285277746,1.1133201198911007
Zargot-2-859,1.993697875118956,0.9482125456154202
Zargot-2-859,1.5106543235329557,0.8178250396004018
Zargot-2-859,2.2617629121848286,NA
Zargot-2-859,1.3678792256894647,1.2905069060842929
Zargot-2-859,1.9856853329403017,1.4108324926977058
Zargot-2-859,2.125883096173743,0.7639728258524624
Zargot-2-859,1.8785929378046125,1.2161972266673964
Zargot-2-859,1.4488591241476003,0.9083174942529054
Zargot-2-859,1.8683068173126693,0.5969264329527947
Zargot-2-859,1.5815616367959124,0.8246023625666261
Zargot-2-859,2.4444223224963504,0.8156102420544271
Zargot-2-859,2.118473989221495,1.0312022576686661
Zargot-2-859,2.338107662044979,0.7692603255469255
Zargot-2-859,0.9979747269454651,0.6456384568921453
Zargot-2-859,2.4345657540990757,NA
Zargot-2-859,2.167853006476468,1.058918391454301
Zargot-2-859,2.1016860161660555,0.6535286817811848
Zargot-2-859,1.6178868560888315,1.3613032137057761
Zargot-2-859,1.6503248477844998,NA
Zargot-2-859,1.3689401291956735,1.0353148390808766
Zargot-2-859,2.2823959174025705,1.1528676443656565
Zargot-2-859,2.0644548606248456,0.9280181952663912
Zargot-2-859,2.2159907254688647,1.1048462646464998
Zargot-2-859,2.2240288646601454,0.9951778118291067
Zargot-2-859,2.1133564499652464,1.1288463764691643
Zargot-2-859,1.411049817129328,1.0250712436678087
Zargot-2-859,1.5007589745421226,0.8082947095211636
Zargot-2-859,3.1114315021454217,0.8346590085851782
Zargot-2-859,1.7073429986412965,1.0621925316594856
Zargot-2-859,1.4143586070727063,1.1280482467998638
Zargot-2-859,2.069644458632236,0.9325711159450206
Zargot-2-859,1.5359459168148863,0.9574667267181503
Zargot-2-859,1.807006248953583,1.0564450874944524
Zargot-2-859,1.5671494597267859,1.0056611353421194
Zargot-2-859,1.6447854196080414,1.1291070144102269
Zargot-2-859,2.7570601851502605,0.8220257882240523
Zargot-2-859,1.467426700835592,0.9535065172972607
Zargot-2-859,1.5041610377006964,0.9117454111867984
Zargot-2-859,1.7509395935021486,0.5924381806181709
Zargot-2-859,2.5494729812397754,1.0222177524565772
Zargot-2-859,2.4573411034436816,0.7756882282134314
Zargot-2-859,1.7936714580122808,0.9625186779269971
Zargot-2-859,2.342112415095697,0.7025895149268547
Zargot-2-859,1.7237692907809667,0.916405806527335
Zargot-2-859,1.5537869971457268,0.7307626036844099
Zargot-2-859,2.52591222275198,0.5789226581186838
Zargot-2-859,2.117856020892069,1.0234622004269467
Zargot-2-859,2.1196270217184066,NA
Zargot-2-859,2.1895968362776386,0.9575570357348507
Zargot-2-859,1.1258353972199904,0.9159963867693982
Zargot-2-859,2.1220129851890825,0.8951347404188219
Zargot-2-859,1.4705407636135472,1.3148439535380534
Zargot-2-859,2.1037085831547127,1.0494878492931854
Zargot-2-859,1.6883291128556657,0.9339682868953322
